annotator,document,system,corpus,score
0,30dd7f6a55e7f87f256f4000de753341eda066b6,seneca,cnn_dm,4
0,fa04945c4c8bb005c0cd023fe45a9675ef39544e,seneca,cnn_dm,4
0,f2464863b3039eedae709eea2ff8767036840b7e,abssentrw,cnn_dm,5
0,fa04945c4c8bb005c0cd023fe45a9675ef39544e,BART,cnn_dm,7
0,1b5b437eabd1f04ee32236c589c8de9fb1b5748e,__REFERENCE__,cnn_dm,4
0,30dd7f6a55e7f87f256f4000de753341eda066b6,onmt_pg,cnn_dm,5
0,f2464863b3039eedae709eea2ff8767036840b7e,seneca,cnn_dm,4
0,7f629db35040e2258f1d55c27ae262d7c80c63c8,__REFERENCE__,cnn_dm,2
0,7f629db35040e2258f1d55c27ae262d7c80c63c8,onmt_pg,cnn_dm,5
0,7f629db35040e2258f1d55c27ae262d7c80c63c8,abssentrw,cnn_dm,4
0,1b5b437eabd1f04ee32236c589c8de9fb1b5748e,onmt_pg,cnn_dm,4
0,fa04945c4c8bb005c0cd023fe45a9675ef39544e,__REFERENCE__,cnn_dm,3
0,30dd7f6a55e7f87f256f4000de753341eda066b6,abssentrw,cnn_dm,4
0,7f629db35040e2258f1d55c27ae262d7c80c63c8,BART,cnn_dm,7
0,f2464863b3039eedae709eea2ff8767036840b7e,onmt_pg,cnn_dm,1
0,1b5b437eabd1f04ee32236c589c8de9fb1b5748e,seneca,cnn_dm,6
0,f2464863b3039eedae709eea2ff8767036840b7e,__REFERENCE__,cnn_dm,2
0,1b5b437eabd1f04ee32236c589c8de9fb1b5748e,BART,cnn_dm,7
0,30dd7f6a55e7f87f256f4000de753341eda066b6,__REFERENCE__,cnn_dm,6
0,fa04945c4c8bb005c0cd023fe45a9675ef39544e,abssentrw,cnn_dm,2
0,7f629db35040e2258f1d55c27ae262d7c80c63c8,seneca,cnn_dm,5
0,f2464863b3039eedae709eea2ff8767036840b7e,BART,cnn_dm,7
0,30dd7f6a55e7f87f256f4000de753341eda066b6,BART,cnn_dm,5
0,1b5b437eabd1f04ee32236c589c8de9fb1b5748e,abssentrw,cnn_dm,2
0,fa04945c4c8bb005c0cd023fe45a9675ef39544e,onmt_pg,cnn_dm,3
1,30dd7f6a55e7f87f256f4000de753341eda066b6,seneca,cnn_dm,2
1,fa04945c4c8bb005c0cd023fe45a9675ef39544e,seneca,cnn_dm,3
1,f2464863b3039eedae709eea2ff8767036840b7e,abssentrw,cnn_dm,4
1,fa04945c4c8bb005c0cd023fe45a9675ef39544e,BART,cnn_dm,5
1,1b5b437eabd1f04ee32236c589c8de9fb1b5748e,__REFERENCE__,cnn_dm,2
1,30dd7f6a55e7f87f256f4000de753341eda066b6,onmt_pg,cnn_dm,4
1,f2464863b3039eedae709eea2ff8767036840b7e,seneca,cnn_dm,3
1,7f629db35040e2258f1d55c27ae262d7c80c63c8,__REFERENCE__,cnn_dm,5
1,7f629db35040e2258f1d55c27ae262d7c80c63c8,onmt_pg,cnn_dm,6
1,7f629db35040e2258f1d55c27ae262d7c80c63c8,abssentrw,cnn_dm,5
1,1b5b437eabd1f04ee32236c589c8de9fb1b5748e,onmt_pg,cnn_dm,4
1,fa04945c4c8bb005c0cd023fe45a9675ef39544e,__REFERENCE__,cnn_dm,4
1,30dd7f6a55e7f87f256f4000de753341eda066b6,abssentrw,cnn_dm,5
1,7f629db35040e2258f1d55c27ae262d7c80c63c8,BART,cnn_dm,5
1,f2464863b3039eedae709eea2ff8767036840b7e,onmt_pg,cnn_dm,5
1,1b5b437eabd1f04ee32236c589c8de9fb1b5748e,seneca,cnn_dm,3
1,f2464863b3039eedae709eea2ff8767036840b7e,__REFERENCE__,cnn_dm,4
1,1b5b437eabd1f04ee32236c589c8de9fb1b5748e,BART,cnn_dm,1
1,30dd7f6a55e7f87f256f4000de753341eda066b6,__REFERENCE__,cnn_dm,6
1,fa04945c4c8bb005c0cd023fe45a9675ef39544e,abssentrw,cnn_dm,3
1,7f629db35040e2258f1d55c27ae262d7c80c63c8,seneca,cnn_dm,4
1,f2464863b3039eedae709eea2ff8767036840b7e,BART,cnn_dm,5
1,30dd7f6a55e7f87f256f4000de753341eda066b6,BART,cnn_dm,6
1,1b5b437eabd1f04ee32236c589c8de9fb1b5748e,abssentrw,cnn_dm,7
1,fa04945c4c8bb005c0cd023fe45a9675ef39544e,onmt_pg,cnn_dm,6
2,30dd7f6a55e7f87f256f4000de753341eda066b6,seneca,cnn_dm,2
2,fa04945c4c8bb005c0cd023fe45a9675ef39544e,seneca,cnn_dm,5
2,f2464863b3039eedae709eea2ff8767036840b7e,abssentrw,cnn_dm,2
2,fa04945c4c8bb005c0cd023fe45a9675ef39544e,BART,cnn_dm,4
2,1b5b437eabd1f04ee32236c589c8de9fb1b5748e,__REFERENCE__,cnn_dm,2
2,30dd7f6a55e7f87f256f4000de753341eda066b6,onmt_pg,cnn_dm,3
2,f2464863b3039eedae709eea2ff8767036840b7e,seneca,cnn_dm,2
2,7f629db35040e2258f1d55c27ae262d7c80c63c8,__REFERENCE__,cnn_dm,2
2,7f629db35040e2258f1d55c27ae262d7c80c63c8,onmt_pg,cnn_dm,2
2,7f629db35040e2258f1d55c27ae262d7c80c63c8,abssentrw,cnn_dm,2
2,1b5b437eabd1f04ee32236c589c8de9fb1b5748e,onmt_pg,cnn_dm,2
2,fa04945c4c8bb005c0cd023fe45a9675ef39544e,__REFERENCE__,cnn_dm,2
2,30dd7f6a55e7f87f256f4000de753341eda066b6,abssentrw,cnn_dm,2
2,7f629db35040e2258f1d55c27ae262d7c80c63c8,BART,cnn_dm,2
2,f2464863b3039eedae709eea2ff8767036840b7e,onmt_pg,cnn_dm,2
2,1b5b437eabd1f04ee32236c589c8de9fb1b5748e,seneca,cnn_dm,2
2,f2464863b3039eedae709eea2ff8767036840b7e,__REFERENCE__,cnn_dm,2
2,1b5b437eabd1f04ee32236c589c8de9fb1b5748e,BART,cnn_dm,2
2,30dd7f6a55e7f87f256f4000de753341eda066b6,__REFERENCE__,cnn_dm,2
2,fa04945c4c8bb005c0cd023fe45a9675ef39544e,abssentrw,cnn_dm,5
2,7f629db35040e2258f1d55c27ae262d7c80c63c8,seneca,cnn_dm,4
2,f2464863b3039eedae709eea2ff8767036840b7e,BART,cnn_dm,5
2,30dd7f6a55e7f87f256f4000de753341eda066b6,BART,cnn_dm,6
2,1b5b437eabd1f04ee32236c589c8de9fb1b5748e,abssentrw,cnn_dm,5
2,fa04945c4c8bb005c0cd023fe45a9675ef39544e,onmt_pg,cnn_dm,2
3,a59a59228c8e522c4c390d6ab503b5fb5f433e65,seneca,cnn_dm,2
3,2b902ec3bc744315a6842fed9ec223f5675fcbaf,BART,cnn_dm,4
3,04aa29d053cb16db2b284da0466f1a98d7045150,__REFERENCE__,cnn_dm,1
3,7d076b5e8536e42560c009e3ffbad44b4e6350c5,BART,cnn_dm,4
3,399c9461a7a40e526ce640c6945ffd956cbcbaf5,seneca,cnn_dm,1
3,2b902ec3bc744315a6842fed9ec223f5675fcbaf,abssentrw,cnn_dm,1
3,399c9461a7a40e526ce640c6945ffd956cbcbaf5,onmt_pg,cnn_dm,5
3,2b902ec3bc744315a6842fed9ec223f5675fcbaf,seneca,cnn_dm,4
3,7d076b5e8536e42560c009e3ffbad44b4e6350c5,onmt_pg,cnn_dm,6
3,04aa29d053cb16db2b284da0466f1a98d7045150,seneca,cnn_dm,1
3,7d076b5e8536e42560c009e3ffbad44b4e6350c5,seneca,cnn_dm,2
3,a59a59228c8e522c4c390d6ab503b5fb5f433e65,onmt_pg,cnn_dm,3
3,399c9461a7a40e526ce640c6945ffd956cbcbaf5,__REFERENCE__,cnn_dm,6
3,399c9461a7a40e526ce640c6945ffd956cbcbaf5,abssentrw,cnn_dm,7
3,7d076b5e8536e42560c009e3ffbad44b4e6350c5,abssentrw,cnn_dm,4
3,2b902ec3bc744315a6842fed9ec223f5675fcbaf,__REFERENCE__,cnn_dm,3
3,a59a59228c8e522c4c390d6ab503b5fb5f433e65,abssentrw,cnn_dm,4
3,04aa29d053cb16db2b284da0466f1a98d7045150,onmt_pg,cnn_dm,7
3,7d076b5e8536e42560c009e3ffbad44b4e6350c5,__REFERENCE__,cnn_dm,5
3,04aa29d053cb16db2b284da0466f1a98d7045150,abssentrw,cnn_dm,6
3,04aa29d053cb16db2b284da0466f1a98d7045150,BART,cnn_dm,7
3,399c9461a7a40e526ce640c6945ffd956cbcbaf5,BART,cnn_dm,7
3,2b902ec3bc744315a6842fed9ec223f5675fcbaf,onmt_pg,cnn_dm,4
3,a59a59228c8e522c4c390d6ab503b5fb5f433e65,BART,cnn_dm,5
3,a59a59228c8e522c4c390d6ab503b5fb5f433e65,__REFERENCE__,cnn_dm,6
4,a59a59228c8e522c4c390d6ab503b5fb5f433e65,seneca,cnn_dm,1
4,2b902ec3bc744315a6842fed9ec223f5675fcbaf,BART,cnn_dm,6
4,04aa29d053cb16db2b284da0466f1a98d7045150,__REFERENCE__,cnn_dm,5
4,7d076b5e8536e42560c009e3ffbad44b4e6350c5,BART,cnn_dm,3
4,399c9461a7a40e526ce640c6945ffd956cbcbaf5,seneca,cnn_dm,1
4,2b902ec3bc744315a6842fed9ec223f5675fcbaf,abssentrw,cnn_dm,2
4,399c9461a7a40e526ce640c6945ffd956cbcbaf5,onmt_pg,cnn_dm,2
4,2b902ec3bc744315a6842fed9ec223f5675fcbaf,seneca,cnn_dm,4
4,7d076b5e8536e42560c009e3ffbad44b4e6350c5,onmt_pg,cnn_dm,3
4,04aa29d053cb16db2b284da0466f1a98d7045150,seneca,cnn_dm,6
4,7d076b5e8536e42560c009e3ffbad44b4e6350c5,seneca,cnn_dm,7
4,a59a59228c8e522c4c390d6ab503b5fb5f433e65,onmt_pg,cnn_dm,3
4,399c9461a7a40e526ce640c6945ffd956cbcbaf5,__REFERENCE__,cnn_dm,6
4,399c9461a7a40e526ce640c6945ffd956cbcbaf5,abssentrw,cnn_dm,5
4,7d076b5e8536e42560c009e3ffbad44b4e6350c5,abssentrw,cnn_dm,3
4,2b902ec3bc744315a6842fed9ec223f5675fcbaf,__REFERENCE__,cnn_dm,6
4,a59a59228c8e522c4c390d6ab503b5fb5f433e65,abssentrw,cnn_dm,7
4,04aa29d053cb16db2b284da0466f1a98d7045150,onmt_pg,cnn_dm,7
4,7d076b5e8536e42560c009e3ffbad44b4e6350c5,__REFERENCE__,cnn_dm,3
4,04aa29d053cb16db2b284da0466f1a98d7045150,abssentrw,cnn_dm,5
4,04aa29d053cb16db2b284da0466f1a98d7045150,BART,cnn_dm,7
4,399c9461a7a40e526ce640c6945ffd956cbcbaf5,BART,cnn_dm,6
4,2b902ec3bc744315a6842fed9ec223f5675fcbaf,onmt_pg,cnn_dm,6
4,a59a59228c8e522c4c390d6ab503b5fb5f433e65,BART,cnn_dm,7
4,a59a59228c8e522c4c390d6ab503b5fb5f433e65,__REFERENCE__,cnn_dm,4
5,484b88f32a6422b318e7d5cd25809082579485b9,abssentrw,cnn_dm,4
5,484b88f32a6422b318e7d5cd25809082579485b9,seneca,cnn_dm,1
5,71a6c5b02c23ff85c97d594659426c1dcbb2c0b4,abssentrw,cnn_dm,6
5,a396e698f80b68e0392dfa6d66ce0731940375f3,BART,cnn_dm,5
5,71a6c5b02c23ff85c97d594659426c1dcbb2c0b4,__REFERENCE__,cnn_dm,5
5,71a6c5b02c23ff85c97d594659426c1dcbb2c0b4,seneca,cnn_dm,3
5,484b88f32a6422b318e7d5cd25809082579485b9,onmt_pg,cnn_dm,6
5,6ef2edc93a597248336109a8d24e997ad2156ea3,abssentrw,cnn_dm,7
5,a396e698f80b68e0392dfa6d66ce0731940375f3,seneca,cnn_dm,4
5,5fba9d52dbfba81deef1fa9555a5bcb96f84e49b,__REFERENCE__,cnn_dm,6
5,71a6c5b02c23ff85c97d594659426c1dcbb2c0b4,onmt_pg,cnn_dm,5
5,484b88f32a6422b318e7d5cd25809082579485b9,__REFERENCE__,cnn_dm,5
5,6ef2edc93a597248336109a8d24e997ad2156ea3,BART,cnn_dm,7
5,6ef2edc93a597248336109a8d24e997ad2156ea3,onmt_pg,cnn_dm,3
5,71a6c5b02c23ff85c97d594659426c1dcbb2c0b4,BART,cnn_dm,7
5,a396e698f80b68e0392dfa6d66ce0731940375f3,__REFERENCE__,cnn_dm,4
5,5fba9d52dbfba81deef1fa9555a5bcb96f84e49b,abssentrw,cnn_dm,6
5,6ef2edc93a597248336109a8d24e997ad2156ea3,__REFERENCE__,cnn_dm,4
5,5fba9d52dbfba81deef1fa9555a5bcb96f84e49b,BART,cnn_dm,5
5,a396e698f80b68e0392dfa6d66ce0731940375f3,onmt_pg,cnn_dm,5
5,5fba9d52dbfba81deef1fa9555a5bcb96f84e49b,onmt_pg,cnn_dm,4
5,484b88f32a6422b318e7d5cd25809082579485b9,BART,cnn_dm,5
5,5fba9d52dbfba81deef1fa9555a5bcb96f84e49b,seneca,cnn_dm,2
5,a396e698f80b68e0392dfa6d66ce0731940375f3,abssentrw,cnn_dm,6
5,6ef2edc93a597248336109a8d24e997ad2156ea3,seneca,cnn_dm,2
6,8dcba6ca5858831c4f13f18bfac5f39202242a4d,__REFERENCE__,cnn_dm,4
6,7cfe43320c7a5b1be9d920b07682f61eab0f7842,seneca,cnn_dm,4
6,7cfe43320c7a5b1be9d920b07682f61eab0f7842,BART,cnn_dm,4
6,8dcba6ca5858831c4f13f18bfac5f39202242a4d,seneca,cnn_dm,1
6,78a670384c908a15617cab7f575fd50dc5999937,BART,cnn_dm,4
6,78a670384c908a15617cab7f575fd50dc5999937,__REFERENCE__,cnn_dm,7
6,8dcba6ca5858831c4f13f18bfac5f39202242a4d,onmt_pg,cnn_dm,7
6,3ea99911f16428a13685da2cde9a062515055d74,__REFERENCE__,cnn_dm,4
6,3ea99911f16428a13685da2cde9a062515055d74,BART,cnn_dm,7
6,3ea99911f16428a13685da2cde9a062515055d74,onmt_pg,cnn_dm,6
6,78a670384c908a15617cab7f575fd50dc5999937,abssentrw,cnn_dm,7
6,7cfe43320c7a5b1be9d920b07682f61eab0f7842,__REFERENCE__,cnn_dm,6
6,3ea99911f16428a13685da2cde9a062515055d74,abssentrw,cnn_dm,7
6,78a670384c908a15617cab7f575fd50dc5999937,seneca,cnn_dm,2
6,00a51d5454f2ef7dbf4c53471223a27fb9c20681,__REFERENCE__,cnn_dm,1
6,78a670384c908a15617cab7f575fd50dc5999937,onmt_pg,cnn_dm,7
6,00a51d5454f2ef7dbf4c53471223a27fb9c20681,onmt_pg,cnn_dm,6
6,7cfe43320c7a5b1be9d920b07682f61eab0f7842,onmt_pg,cnn_dm,6
6,00a51d5454f2ef7dbf4c53471223a27fb9c20681,abssentrw,cnn_dm,7
6,8dcba6ca5858831c4f13f18bfac5f39202242a4d,abssentrw,cnn_dm,6
6,8dcba6ca5858831c4f13f18bfac5f39202242a4d,BART,cnn_dm,7
6,00a51d5454f2ef7dbf4c53471223a27fb9c20681,BART,cnn_dm,7
6,7cfe43320c7a5b1be9d920b07682f61eab0f7842,abssentrw,cnn_dm,7
6,3ea99911f16428a13685da2cde9a062515055d74,seneca,cnn_dm,3
6,00a51d5454f2ef7dbf4c53471223a27fb9c20681,seneca,cnn_dm,2
7,d4f93ae8f0c0cc9ae690e3a2bc0d562c19625731,onmt_pg,cnn_dm,6
7,d4f93ae8f0c0cc9ae690e3a2bc0d562c19625731,BART,cnn_dm,5
7,224bc9d81026785f629f3449102187f7261b1991,seneca,cnn_dm,5
7,224bc9d81026785f629f3449102187f7261b1991,onmt_pg,cnn_dm,5
7,8d71eb8e9c4e2d371aa2ec68bb2e8ba4d1791bdd,BART,cnn_dm,5
7,5557ae963e317b3bbb1f8538d6d0ef39a1987198,onmt_pg,cnn_dm,4
7,8d71eb8e9c4e2d371aa2ec68bb2e8ba4d1791bdd,onmt_pg,cnn_dm,3
7,d4f93ae8f0c0cc9ae690e3a2bc0d562c19625731,abssentrw,cnn_dm,5
7,7173f3bec6cf4956e8db0343a20d89e36030fae6,onmt_pg,cnn_dm,6
7,7173f3bec6cf4956e8db0343a20d89e36030fae6,BART,cnn_dm,5
7,8d71eb8e9c4e2d371aa2ec68bb2e8ba4d1791bdd,seneca,cnn_dm,3
7,224bc9d81026785f629f3449102187f7261b1991,__REFERENCE__,cnn_dm,5
7,5557ae963e317b3bbb1f8538d6d0ef39a1987198,seneca,cnn_dm,3
7,8d71eb8e9c4e2d371aa2ec68bb2e8ba4d1791bdd,__REFERENCE__,cnn_dm,2
7,7173f3bec6cf4956e8db0343a20d89e36030fae6,abssentrw,cnn_dm,3
7,5557ae963e317b3bbb1f8538d6d0ef39a1987198,abssentrw,cnn_dm,2
7,5557ae963e317b3bbb1f8538d6d0ef39a1987198,BART,cnn_dm,5
7,224bc9d81026785f629f3449102187f7261b1991,BART,cnn_dm,4
7,7173f3bec6cf4956e8db0343a20d89e36030fae6,seneca,cnn_dm,3
7,5557ae963e317b3bbb1f8538d6d0ef39a1987198,__REFERENCE__,cnn_dm,4
7,8d71eb8e9c4e2d371aa2ec68bb2e8ba4d1791bdd,abssentrw,cnn_dm,3
7,7173f3bec6cf4956e8db0343a20d89e36030fae6,__REFERENCE__,cnn_dm,4
7,224bc9d81026785f629f3449102187f7261b1991,abssentrw,cnn_dm,3
7,d4f93ae8f0c0cc9ae690e3a2bc0d562c19625731,seneca,cnn_dm,3
7,d4f93ae8f0c0cc9ae690e3a2bc0d562c19625731,__REFERENCE__,cnn_dm,3
8,8dcba6ca5858831c4f13f18bfac5f39202242a4d,__REFERENCE__,cnn_dm,5
8,7cfe43320c7a5b1be9d920b07682f61eab0f7842,seneca,cnn_dm,3
8,7cfe43320c7a5b1be9d920b07682f61eab0f7842,BART,cnn_dm,7
8,8dcba6ca5858831c4f13f18bfac5f39202242a4d,seneca,cnn_dm,3
8,78a670384c908a15617cab7f575fd50dc5999937,BART,cnn_dm,7
8,78a670384c908a15617cab7f575fd50dc5999937,__REFERENCE__,cnn_dm,6
8,8dcba6ca5858831c4f13f18bfac5f39202242a4d,onmt_pg,cnn_dm,7
8,3ea99911f16428a13685da2cde9a062515055d74,__REFERENCE__,cnn_dm,7
8,3ea99911f16428a13685da2cde9a062515055d74,BART,cnn_dm,7
8,3ea99911f16428a13685da2cde9a062515055d74,onmt_pg,cnn_dm,6
8,78a670384c908a15617cab7f575fd50dc5999937,abssentrw,cnn_dm,5
8,7cfe43320c7a5b1be9d920b07682f61eab0f7842,__REFERENCE__,cnn_dm,7
8,3ea99911f16428a13685da2cde9a062515055d74,abssentrw,cnn_dm,7
8,78a670384c908a15617cab7f575fd50dc5999937,seneca,cnn_dm,5
8,00a51d5454f2ef7dbf4c53471223a27fb9c20681,__REFERENCE__,cnn_dm,2
8,78a670384c908a15617cab7f575fd50dc5999937,onmt_pg,cnn_dm,7
8,00a51d5454f2ef7dbf4c53471223a27fb9c20681,onmt_pg,cnn_dm,7
8,7cfe43320c7a5b1be9d920b07682f61eab0f7842,onmt_pg,cnn_dm,6
8,00a51d5454f2ef7dbf4c53471223a27fb9c20681,abssentrw,cnn_dm,7
8,8dcba6ca5858831c4f13f18bfac5f39202242a4d,abssentrw,cnn_dm,7
8,8dcba6ca5858831c4f13f18bfac5f39202242a4d,BART,cnn_dm,7
8,00a51d5454f2ef7dbf4c53471223a27fb9c20681,BART,cnn_dm,7
8,7cfe43320c7a5b1be9d920b07682f61eab0f7842,abssentrw,cnn_dm,5
8,3ea99911f16428a13685da2cde9a062515055d74,seneca,cnn_dm,5
8,00a51d5454f2ef7dbf4c53471223a27fb9c20681,seneca,cnn_dm,5
9,484b88f32a6422b318e7d5cd25809082579485b9,abssentrw,cnn_dm,2
9,484b88f32a6422b318e7d5cd25809082579485b9,seneca,cnn_dm,2
9,71a6c5b02c23ff85c97d594659426c1dcbb2c0b4,abssentrw,cnn_dm,1
9,a396e698f80b68e0392dfa6d66ce0731940375f3,BART,cnn_dm,3
9,71a6c5b02c23ff85c97d594659426c1dcbb2c0b4,__REFERENCE__,cnn_dm,4
9,71a6c5b02c23ff85c97d594659426c1dcbb2c0b4,seneca,cnn_dm,3
9,484b88f32a6422b318e7d5cd25809082579485b9,onmt_pg,cnn_dm,2
9,6ef2edc93a597248336109a8d24e997ad2156ea3,abssentrw,cnn_dm,2
9,a396e698f80b68e0392dfa6d66ce0731940375f3,seneca,cnn_dm,2
9,5fba9d52dbfba81deef1fa9555a5bcb96f84e49b,__REFERENCE__,cnn_dm,3
9,71a6c5b02c23ff85c97d594659426c1dcbb2c0b4,onmt_pg,cnn_dm,2
9,484b88f32a6422b318e7d5cd25809082579485b9,__REFERENCE__,cnn_dm,5
9,6ef2edc93a597248336109a8d24e997ad2156ea3,BART,cnn_dm,4
9,6ef2edc93a597248336109a8d24e997ad2156ea3,onmt_pg,cnn_dm,4
9,71a6c5b02c23ff85c97d594659426c1dcbb2c0b4,BART,cnn_dm,4
9,a396e698f80b68e0392dfa6d66ce0731940375f3,__REFERENCE__,cnn_dm,4
9,5fba9d52dbfba81deef1fa9555a5bcb96f84e49b,abssentrw,cnn_dm,4
9,6ef2edc93a597248336109a8d24e997ad2156ea3,__REFERENCE__,cnn_dm,3
9,5fba9d52dbfba81deef1fa9555a5bcb96f84e49b,BART,cnn_dm,5
9,a396e698f80b68e0392dfa6d66ce0731940375f3,onmt_pg,cnn_dm,5
9,5fba9d52dbfba81deef1fa9555a5bcb96f84e49b,onmt_pg,cnn_dm,4
9,484b88f32a6422b318e7d5cd25809082579485b9,BART,cnn_dm,5
9,5fba9d52dbfba81deef1fa9555a5bcb96f84e49b,seneca,cnn_dm,4
9,a396e698f80b68e0392dfa6d66ce0731940375f3,abssentrw,cnn_dm,5
9,6ef2edc93a597248336109a8d24e997ad2156ea3,seneca,cnn_dm,5
10,8dcba6ca5858831c4f13f18bfac5f39202242a4d,__REFERENCE__,cnn_dm,1
10,7cfe43320c7a5b1be9d920b07682f61eab0f7842,seneca,cnn_dm,7
10,7cfe43320c7a5b1be9d920b07682f61eab0f7842,BART,cnn_dm,7
10,8dcba6ca5858831c4f13f18bfac5f39202242a4d,seneca,cnn_dm,3
10,78a670384c908a15617cab7f575fd50dc5999937,BART,cnn_dm,7
10,78a670384c908a15617cab7f575fd50dc5999937,__REFERENCE__,cnn_dm,5
10,8dcba6ca5858831c4f13f18bfac5f39202242a4d,onmt_pg,cnn_dm,3
10,3ea99911f16428a13685da2cde9a062515055d74,__REFERENCE__,cnn_dm,4
10,3ea99911f16428a13685da2cde9a062515055d74,BART,cnn_dm,4
10,3ea99911f16428a13685da2cde9a062515055d74,onmt_pg,cnn_dm,4
10,78a670384c908a15617cab7f575fd50dc5999937,abssentrw,cnn_dm,7
10,7cfe43320c7a5b1be9d920b07682f61eab0f7842,__REFERENCE__,cnn_dm,5
10,3ea99911f16428a13685da2cde9a062515055d74,abssentrw,cnn_dm,3
10,78a670384c908a15617cab7f575fd50dc5999937,seneca,cnn_dm,3
10,00a51d5454f2ef7dbf4c53471223a27fb9c20681,__REFERENCE__,cnn_dm,3
10,78a670384c908a15617cab7f575fd50dc5999937,onmt_pg,cnn_dm,4
10,00a51d5454f2ef7dbf4c53471223a27fb9c20681,onmt_pg,cnn_dm,3
10,7cfe43320c7a5b1be9d920b07682f61eab0f7842,onmt_pg,cnn_dm,6
10,00a51d5454f2ef7dbf4c53471223a27fb9c20681,abssentrw,cnn_dm,3
10,8dcba6ca5858831c4f13f18bfac5f39202242a4d,abssentrw,cnn_dm,3
10,8dcba6ca5858831c4f13f18bfac5f39202242a4d,BART,cnn_dm,4
10,00a51d5454f2ef7dbf4c53471223a27fb9c20681,BART,cnn_dm,7
10,7cfe43320c7a5b1be9d920b07682f61eab0f7842,abssentrw,cnn_dm,4
10,3ea99911f16428a13685da2cde9a062515055d74,seneca,cnn_dm,2
10,00a51d5454f2ef7dbf4c53471223a27fb9c20681,seneca,cnn_dm,4
11,d4f93ae8f0c0cc9ae690e3a2bc0d562c19625731,onmt_pg,cnn_dm,6
11,d4f93ae8f0c0cc9ae690e3a2bc0d562c19625731,BART,cnn_dm,4
11,224bc9d81026785f629f3449102187f7261b1991,seneca,cnn_dm,3
11,224bc9d81026785f629f3449102187f7261b1991,onmt_pg,cnn_dm,4
11,8d71eb8e9c4e2d371aa2ec68bb2e8ba4d1791bdd,BART,cnn_dm,3
11,5557ae963e317b3bbb1f8538d6d0ef39a1987198,onmt_pg,cnn_dm,7
11,8d71eb8e9c4e2d371aa2ec68bb2e8ba4d1791bdd,onmt_pg,cnn_dm,7
11,d4f93ae8f0c0cc9ae690e3a2bc0d562c19625731,abssentrw,cnn_dm,7
11,7173f3bec6cf4956e8db0343a20d89e36030fae6,onmt_pg,cnn_dm,7
11,7173f3bec6cf4956e8db0343a20d89e36030fae6,BART,cnn_dm,6
11,8d71eb8e9c4e2d371aa2ec68bb2e8ba4d1791bdd,seneca,cnn_dm,1
11,224bc9d81026785f629f3449102187f7261b1991,__REFERENCE__,cnn_dm,4
11,5557ae963e317b3bbb1f8538d6d0ef39a1987198,seneca,cnn_dm,3
11,8d71eb8e9c4e2d371aa2ec68bb2e8ba4d1791bdd,__REFERENCE__,cnn_dm,2
11,7173f3bec6cf4956e8db0343a20d89e36030fae6,abssentrw,cnn_dm,4
11,5557ae963e317b3bbb1f8538d6d0ef39a1987198,abssentrw,cnn_dm,3
11,5557ae963e317b3bbb1f8538d6d0ef39a1987198,BART,cnn_dm,6
11,224bc9d81026785f629f3449102187f7261b1991,BART,cnn_dm,4
11,7173f3bec6cf4956e8db0343a20d89e36030fae6,seneca,cnn_dm,3
11,5557ae963e317b3bbb1f8538d6d0ef39a1987198,__REFERENCE__,cnn_dm,1
11,8d71eb8e9c4e2d371aa2ec68bb2e8ba4d1791bdd,abssentrw,cnn_dm,4
11,7173f3bec6cf4956e8db0343a20d89e36030fae6,__REFERENCE__,cnn_dm,7
11,224bc9d81026785f629f3449102187f7261b1991,abssentrw,cnn_dm,6
11,d4f93ae8f0c0cc9ae690e3a2bc0d562c19625731,seneca,cnn_dm,4
11,d4f93ae8f0c0cc9ae690e3a2bc0d562c19625731,__REFERENCE__,cnn_dm,4
12,d4f93ae8f0c0cc9ae690e3a2bc0d562c19625731,onmt_pg,cnn_dm,4
12,d4f93ae8f0c0cc9ae690e3a2bc0d562c19625731,BART,cnn_dm,3
12,224bc9d81026785f629f3449102187f7261b1991,seneca,cnn_dm,2
12,224bc9d81026785f629f3449102187f7261b1991,onmt_pg,cnn_dm,4
12,8d71eb8e9c4e2d371aa2ec68bb2e8ba4d1791bdd,BART,cnn_dm,3
12,5557ae963e317b3bbb1f8538d6d0ef39a1987198,onmt_pg,cnn_dm,4
12,8d71eb8e9c4e2d371aa2ec68bb2e8ba4d1791bdd,onmt_pg,cnn_dm,3
12,d4f93ae8f0c0cc9ae690e3a2bc0d562c19625731,abssentrw,cnn_dm,3
12,7173f3bec6cf4956e8db0343a20d89e36030fae6,onmt_pg,cnn_dm,4
12,7173f3bec6cf4956e8db0343a20d89e36030fae6,BART,cnn_dm,3
12,8d71eb8e9c4e2d371aa2ec68bb2e8ba4d1791bdd,seneca,cnn_dm,2
12,224bc9d81026785f629f3449102187f7261b1991,__REFERENCE__,cnn_dm,2
12,5557ae963e317b3bbb1f8538d6d0ef39a1987198,seneca,cnn_dm,1
12,8d71eb8e9c4e2d371aa2ec68bb2e8ba4d1791bdd,__REFERENCE__,cnn_dm,2
12,7173f3bec6cf4956e8db0343a20d89e36030fae6,abssentrw,cnn_dm,1
12,5557ae963e317b3bbb1f8538d6d0ef39a1987198,abssentrw,cnn_dm,1
12,5557ae963e317b3bbb1f8538d6d0ef39a1987198,BART,cnn_dm,5
12,224bc9d81026785f629f3449102187f7261b1991,BART,cnn_dm,3
12,7173f3bec6cf4956e8db0343a20d89e36030fae6,seneca,cnn_dm,4
12,5557ae963e317b3bbb1f8538d6d0ef39a1987198,__REFERENCE__,cnn_dm,2
12,8d71eb8e9c4e2d371aa2ec68bb2e8ba4d1791bdd,abssentrw,cnn_dm,1
12,7173f3bec6cf4956e8db0343a20d89e36030fae6,__REFERENCE__,cnn_dm,4
12,224bc9d81026785f629f3449102187f7261b1991,abssentrw,cnn_dm,1
12,d4f93ae8f0c0cc9ae690e3a2bc0d562c19625731,seneca,cnn_dm,2
12,d4f93ae8f0c0cc9ae690e3a2bc0d562c19625731,__REFERENCE__,cnn_dm,2
13,484b88f32a6422b318e7d5cd25809082579485b9,abssentrw,cnn_dm,4
13,484b88f32a6422b318e7d5cd25809082579485b9,seneca,cnn_dm,3
13,71a6c5b02c23ff85c97d594659426c1dcbb2c0b4,abssentrw,cnn_dm,2
13,a396e698f80b68e0392dfa6d66ce0731940375f3,BART,cnn_dm,6
13,71a6c5b02c23ff85c97d594659426c1dcbb2c0b4,__REFERENCE__,cnn_dm,3
13,71a6c5b02c23ff85c97d594659426c1dcbb2c0b4,seneca,cnn_dm,3
13,484b88f32a6422b318e7d5cd25809082579485b9,onmt_pg,cnn_dm,3
13,6ef2edc93a597248336109a8d24e997ad2156ea3,abssentrw,cnn_dm,2
13,a396e698f80b68e0392dfa6d66ce0731940375f3,seneca,cnn_dm,4
13,5fba9d52dbfba81deef1fa9555a5bcb96f84e49b,__REFERENCE__,cnn_dm,4
13,71a6c5b02c23ff85c97d594659426c1dcbb2c0b4,onmt_pg,cnn_dm,5
13,484b88f32a6422b318e7d5cd25809082579485b9,__REFERENCE__,cnn_dm,6
13,6ef2edc93a597248336109a8d24e997ad2156ea3,BART,cnn_dm,6
13,6ef2edc93a597248336109a8d24e997ad2156ea3,onmt_pg,cnn_dm,6
13,71a6c5b02c23ff85c97d594659426c1dcbb2c0b4,BART,cnn_dm,6
13,a396e698f80b68e0392dfa6d66ce0731940375f3,__REFERENCE__,cnn_dm,6
13,5fba9d52dbfba81deef1fa9555a5bcb96f84e49b,abssentrw,cnn_dm,4
13,6ef2edc93a597248336109a8d24e997ad2156ea3,__REFERENCE__,cnn_dm,4
13,5fba9d52dbfba81deef1fa9555a5bcb96f84e49b,BART,cnn_dm,6
13,a396e698f80b68e0392dfa6d66ce0731940375f3,onmt_pg,cnn_dm,4
13,5fba9d52dbfba81deef1fa9555a5bcb96f84e49b,onmt_pg,cnn_dm,4
13,484b88f32a6422b318e7d5cd25809082579485b9,BART,cnn_dm,5
13,5fba9d52dbfba81deef1fa9555a5bcb96f84e49b,seneca,cnn_dm,4
13,a396e698f80b68e0392dfa6d66ce0731940375f3,abssentrw,cnn_dm,6
13,6ef2edc93a597248336109a8d24e997ad2156ea3,seneca,cnn_dm,4
14,a59a59228c8e522c4c390d6ab503b5fb5f433e65,seneca,cnn_dm,1
14,2b902ec3bc744315a6842fed9ec223f5675fcbaf,BART,cnn_dm,6
14,04aa29d053cb16db2b284da0466f1a98d7045150,__REFERENCE__,cnn_dm,4
14,7d076b5e8536e42560c009e3ffbad44b4e6350c5,BART,cnn_dm,3
14,399c9461a7a40e526ce640c6945ffd956cbcbaf5,seneca,cnn_dm,5
14,2b902ec3bc744315a6842fed9ec223f5675fcbaf,abssentrw,cnn_dm,3
14,399c9461a7a40e526ce640c6945ffd956cbcbaf5,onmt_pg,cnn_dm,6
14,2b902ec3bc744315a6842fed9ec223f5675fcbaf,seneca,cnn_dm,3
14,7d076b5e8536e42560c009e3ffbad44b4e6350c5,onmt_pg,cnn_dm,2
14,04aa29d053cb16db2b284da0466f1a98d7045150,seneca,cnn_dm,5
14,7d076b5e8536e42560c009e3ffbad44b4e6350c5,seneca,cnn_dm,4
14,a59a59228c8e522c4c390d6ab503b5fb5f433e65,onmt_pg,cnn_dm,6
14,399c9461a7a40e526ce640c6945ffd956cbcbaf5,__REFERENCE__,cnn_dm,5
14,399c9461a7a40e526ce640c6945ffd956cbcbaf5,abssentrw,cnn_dm,2
14,7d076b5e8536e42560c009e3ffbad44b4e6350c5,abssentrw,cnn_dm,5
14,2b902ec3bc744315a6842fed9ec223f5675fcbaf,__REFERENCE__,cnn_dm,5
14,a59a59228c8e522c4c390d6ab503b5fb5f433e65,abssentrw,cnn_dm,5
14,04aa29d053cb16db2b284da0466f1a98d7045150,onmt_pg,cnn_dm,6
14,7d076b5e8536e42560c009e3ffbad44b4e6350c5,__REFERENCE__,cnn_dm,4
14,04aa29d053cb16db2b284da0466f1a98d7045150,abssentrw,cnn_dm,7
14,04aa29d053cb16db2b284da0466f1a98d7045150,BART,cnn_dm,4
14,399c9461a7a40e526ce640c6945ffd956cbcbaf5,BART,cnn_dm,7
14,2b902ec3bc744315a6842fed9ec223f5675fcbaf,onmt_pg,cnn_dm,4
14,a59a59228c8e522c4c390d6ab503b5fb5f433e65,BART,cnn_dm,7
14,a59a59228c8e522c4c390d6ab503b5fb5f433e65,__REFERENCE__,cnn_dm,7
15,d322d72a8565ac2487b85e0b71035d4812ab80f1,__REFERENCE__,cnn_dm,5
15,d322d72a8565ac2487b85e0b71035d4812ab80f1,seneca,cnn_dm,2
15,aab238ffef9ea27adcdc25882ba9e261aaf93995,BART,cnn_dm,4
15,951535fc236a616bb55f29b4f93dc54b08e5bbb1,onmt_pg,cnn_dm,5
15,d322d72a8565ac2487b85e0b71035d4812ab80f1,BART,cnn_dm,2
15,951535fc236a616bb55f29b4f93dc54b08e5bbb1,BART,cnn_dm,7
15,1494f1f351a0898ec3620b3c4a49b15d9f740a0e,onmt_pg,cnn_dm,1
15,aab238ffef9ea27adcdc25882ba9e261aaf93995,onmt_pg,cnn_dm,3
15,aab238ffef9ea27adcdc25882ba9e261aaf93995,abssentrw,cnn_dm,2
15,e27f9736be51b66e759a9ae7bceb0d6c4ba3d457,abssentrw,cnn_dm,6
15,951535fc236a616bb55f29b4f93dc54b08e5bbb1,abssentrw,cnn_dm,7
15,aab238ffef9ea27adcdc25882ba9e261aaf93995,__REFERENCE__,cnn_dm,4
15,aab238ffef9ea27adcdc25882ba9e261aaf93995,seneca,cnn_dm,3
15,e27f9736be51b66e759a9ae7bceb0d6c4ba3d457,BART,cnn_dm,5
15,e27f9736be51b66e759a9ae7bceb0d6c4ba3d457,onmt_pg,cnn_dm,1
15,1494f1f351a0898ec3620b3c4a49b15d9f740a0e,BART,cnn_dm,2
15,951535fc236a616bb55f29b4f93dc54b08e5bbb1,__REFERENCE__,cnn_dm,7
15,d322d72a8565ac2487b85e0b71035d4812ab80f1,abssentrw,cnn_dm,6
15,1494f1f351a0898ec3620b3c4a49b15d9f740a0e,seneca,cnn_dm,5
15,951535fc236a616bb55f29b4f93dc54b08e5bbb1,seneca,cnn_dm,7
15,1494f1f351a0898ec3620b3c4a49b15d9f740a0e,abssentrw,cnn_dm,2
15,1494f1f351a0898ec3620b3c4a49b15d9f740a0e,__REFERENCE__,cnn_dm,4
15,e27f9736be51b66e759a9ae7bceb0d6c4ba3d457,seneca,cnn_dm,2
15,d322d72a8565ac2487b85e0b71035d4812ab80f1,onmt_pg,cnn_dm,7
15,e27f9736be51b66e759a9ae7bceb0d6c4ba3d457,__REFERENCE__,cnn_dm,3
16,36f01a847d3e6788e3915f3ed13d56a50acec512,__REFERENCE__,cnn_dm,6
16,5c5dcff9554a8b198c76a8bde0ac0e6cf2c4953e,BART,cnn_dm,4
16,be7a6a3aab2d56c21f004748f2624c291a75f544,abssentrw,cnn_dm,3
16,5c5dcff9554a8b198c76a8bde0ac0e6cf2c4953e,__REFERENCE__,cnn_dm,4
16,5c5dcff9554a8b198c76a8bde0ac0e6cf2c4953e,seneca,cnn_dm,2
16,36f01a847d3e6788e3915f3ed13d56a50acec512,seneca,cnn_dm,3
16,5c5dcff9554a8b198c76a8bde0ac0e6cf2c4953e,abssentrw,cnn_dm,5
16,f94f37a25ddcdaf66182eb7a02a7c690b7e8e392,BART,cnn_dm,6
16,bde8e22f3e1c3af2ca0f09f734f33d67140ef1aa,BART,cnn_dm,6
16,bde8e22f3e1c3af2ca0f09f734f33d67140ef1aa,abssentrw,cnn_dm,3
16,be7a6a3aab2d56c21f004748f2624c291a75f544,onmt_pg,cnn_dm,4
16,be7a6a3aab2d56c21f004748f2624c291a75f544,BART,cnn_dm,4
16,36f01a847d3e6788e3915f3ed13d56a50acec512,abssentrw,cnn_dm,3
16,f94f37a25ddcdaf66182eb7a02a7c690b7e8e392,seneca,cnn_dm,2
16,5c5dcff9554a8b198c76a8bde0ac0e6cf2c4953e,onmt_pg,cnn_dm,5
16,bde8e22f3e1c3af2ca0f09f734f33d67140ef1aa,seneca,cnn_dm,2
16,bde8e22f3e1c3af2ca0f09f734f33d67140ef1aa,__REFERENCE__,cnn_dm,5
16,bde8e22f3e1c3af2ca0f09f734f33d67140ef1aa,onmt_pg,cnn_dm,1
16,36f01a847d3e6788e3915f3ed13d56a50acec512,BART,cnn_dm,4
16,36f01a847d3e6788e3915f3ed13d56a50acec512,onmt_pg,cnn_dm,4
16,f94f37a25ddcdaf66182eb7a02a7c690b7e8e392,onmt_pg,cnn_dm,2
16,be7a6a3aab2d56c21f004748f2624c291a75f544,seneca,cnn_dm,2
16,be7a6a3aab2d56c21f004748f2624c291a75f544,__REFERENCE__,cnn_dm,1
16,f94f37a25ddcdaf66182eb7a02a7c690b7e8e392,__REFERENCE__,cnn_dm,3
16,f94f37a25ddcdaf66182eb7a02a7c690b7e8e392,abssentrw,cnn_dm,5
17,36f01a847d3e6788e3915f3ed13d56a50acec512,__REFERENCE__,cnn_dm,5
17,5c5dcff9554a8b198c76a8bde0ac0e6cf2c4953e,BART,cnn_dm,3
17,be7a6a3aab2d56c21f004748f2624c291a75f544,abssentrw,cnn_dm,6
17,5c5dcff9554a8b198c76a8bde0ac0e6cf2c4953e,__REFERENCE__,cnn_dm,4
17,5c5dcff9554a8b198c76a8bde0ac0e6cf2c4953e,seneca,cnn_dm,6
17,36f01a847d3e6788e3915f3ed13d56a50acec512,seneca,cnn_dm,7
17,5c5dcff9554a8b198c76a8bde0ac0e6cf2c4953e,abssentrw,cnn_dm,5
17,f94f37a25ddcdaf66182eb7a02a7c690b7e8e392,BART,cnn_dm,4
17,bde8e22f3e1c3af2ca0f09f734f33d67140ef1aa,BART,cnn_dm,4
17,bde8e22f3e1c3af2ca0f09f734f33d67140ef1aa,abssentrw,cnn_dm,3
17,be7a6a3aab2d56c21f004748f2624c291a75f544,onmt_pg,cnn_dm,5
17,be7a6a3aab2d56c21f004748f2624c291a75f544,BART,cnn_dm,6
17,36f01a847d3e6788e3915f3ed13d56a50acec512,abssentrw,cnn_dm,7
17,f94f37a25ddcdaf66182eb7a02a7c690b7e8e392,seneca,cnn_dm,2
17,5c5dcff9554a8b198c76a8bde0ac0e6cf2c4953e,onmt_pg,cnn_dm,3
17,bde8e22f3e1c3af2ca0f09f734f33d67140ef1aa,seneca,cnn_dm,7
17,bde8e22f3e1c3af2ca0f09f734f33d67140ef1aa,__REFERENCE__,cnn_dm,4
17,bde8e22f3e1c3af2ca0f09f734f33d67140ef1aa,onmt_pg,cnn_dm,5
17,36f01a847d3e6788e3915f3ed13d56a50acec512,BART,cnn_dm,6
17,36f01a847d3e6788e3915f3ed13d56a50acec512,onmt_pg,cnn_dm,5
17,f94f37a25ddcdaf66182eb7a02a7c690b7e8e392,abssentrw,cnn_dm,4
17,f94f37a25ddcdaf66182eb7a02a7c690b7e8e392,onmt_pg,cnn_dm,3
17,be7a6a3aab2d56c21f004748f2624c291a75f544,seneca,cnn_dm,5
17,be7a6a3aab2d56c21f004748f2624c291a75f544,__REFERENCE__,cnn_dm,5
17,f94f37a25ddcdaf66182eb7a02a7c690b7e8e392,__REFERENCE__,cnn_dm,5
18,36f01a847d3e6788e3915f3ed13d56a50acec512,__REFERENCE__,cnn_dm,6
18,5c5dcff9554a8b198c76a8bde0ac0e6cf2c4953e,BART,cnn_dm,5
18,be7a6a3aab2d56c21f004748f2624c291a75f544,abssentrw,cnn_dm,5
18,5c5dcff9554a8b198c76a8bde0ac0e6cf2c4953e,__REFERENCE__,cnn_dm,6
18,5c5dcff9554a8b198c76a8bde0ac0e6cf2c4953e,seneca,cnn_dm,7
18,36f01a847d3e6788e3915f3ed13d56a50acec512,seneca,cnn_dm,7
18,5c5dcff9554a8b198c76a8bde0ac0e6cf2c4953e,abssentrw,cnn_dm,5
18,f94f37a25ddcdaf66182eb7a02a7c690b7e8e392,BART,cnn_dm,7
18,bde8e22f3e1c3af2ca0f09f734f33d67140ef1aa,BART,cnn_dm,7
18,bde8e22f3e1c3af2ca0f09f734f33d67140ef1aa,abssentrw,cnn_dm,6
18,be7a6a3aab2d56c21f004748f2624c291a75f544,onmt_pg,cnn_dm,7
18,be7a6a3aab2d56c21f004748f2624c291a75f544,BART,cnn_dm,6
18,36f01a847d3e6788e3915f3ed13d56a50acec512,abssentrw,cnn_dm,4
18,f94f37a25ddcdaf66182eb7a02a7c690b7e8e392,seneca,cnn_dm,5
18,5c5dcff9554a8b198c76a8bde0ac0e6cf2c4953e,onmt_pg,cnn_dm,7
18,bde8e22f3e1c3af2ca0f09f734f33d67140ef1aa,seneca,cnn_dm,6
18,bde8e22f3e1c3af2ca0f09f734f33d67140ef1aa,onmt_pg,cnn_dm,7
18,36f01a847d3e6788e3915f3ed13d56a50acec512,BART,cnn_dm,7
18,36f01a847d3e6788e3915f3ed13d56a50acec512,onmt_pg,cnn_dm,4
18,f94f37a25ddcdaf66182eb7a02a7c690b7e8e392,abssentrw,cnn_dm,3
18,f94f37a25ddcdaf66182eb7a02a7c690b7e8e392,onmt_pg,cnn_dm,5
18,be7a6a3aab2d56c21f004748f2624c291a75f544,seneca,cnn_dm,6
18,bde8e22f3e1c3af2ca0f09f734f33d67140ef1aa,__REFERENCE__,cnn_dm,6
18,be7a6a3aab2d56c21f004748f2624c291a75f544,__REFERENCE__,cnn_dm,6
18,f94f37a25ddcdaf66182eb7a02a7c690b7e8e392,__REFERENCE__,cnn_dm,7
19,c9a1a96a3b216532c56c869d81dd16c5103664cb,onmt_pg,cnn_dm,5
19,1346277b7785f0e331c94d2bca2129c00fb87767,abssentrw,cnn_dm,4
19,1346277b7785f0e331c94d2bca2129c00fb87767,__REFERENCE__,cnn_dm,6
19,c9a1a96a3b216532c56c869d81dd16c5103664cb,seneca,cnn_dm,6
19,c1de892aefd7aa1c6c0ad980039252b8c41f208b,abssentrw,cnn_dm,5
19,e4e990208d0f9dcd9bdac5e2e6dcf11aac28cb91,BART,cnn_dm,7
19,1346277b7785f0e331c94d2bca2129c00fb87767,seneca,cnn_dm,4
19,bff83ed707bc5db55bb29fa942f77711667f1f1a,onmt_pg,cnn_dm,3
19,c9a1a96a3b216532c56c869d81dd16c5103664cb,BART,cnn_dm,7
19,bff83ed707bc5db55bb29fa942f77711667f1f1a,__REFERENCE__,cnn_dm,6
19,bff83ed707bc5db55bb29fa942f77711667f1f1a,BART,cnn_dm,3
19,1346277b7785f0e331c94d2bca2129c00fb87767,BART,cnn_dm,5
19,bff83ed707bc5db55bb29fa942f77711667f1f1a,seneca,cnn_dm,6
19,e4e990208d0f9dcd9bdac5e2e6dcf11aac28cb91,seneca,cnn_dm,4
19,c1de892aefd7aa1c6c0ad980039252b8c41f208b,__REFERENCE__,cnn_dm,4
19,c1de892aefd7aa1c6c0ad980039252b8c41f208b,seneca,cnn_dm,6
19,e4e990208d0f9dcd9bdac5e2e6dcf11aac28cb91,abssentrw,cnn_dm,4
19,1346277b7785f0e331c94d2bca2129c00fb87767,onmt_pg,cnn_dm,6
19,c9a1a96a3b216532c56c869d81dd16c5103664cb,__REFERENCE__,cnn_dm,6
19,c9a1a96a3b216532c56c869d81dd16c5103664cb,abssentrw,cnn_dm,4
19,e4e990208d0f9dcd9bdac5e2e6dcf11aac28cb91,__REFERENCE__,cnn_dm,5
19,bff83ed707bc5db55bb29fa942f77711667f1f1a,abssentrw,cnn_dm,5
19,c1de892aefd7aa1c6c0ad980039252b8c41f208b,onmt_pg,cnn_dm,3
19,e4e990208d0f9dcd9bdac5e2e6dcf11aac28cb91,onmt_pg,cnn_dm,6
19,c1de892aefd7aa1c6c0ad980039252b8c41f208b,BART,cnn_dm,6
20,650080097eaecf363e78dc74d302379d480ba3e1,BART,cnn_dm,2
20,87a05def511c10ca18f87fb3ba39db3d6e379295,onmt_pg,cnn_dm,2
20,87a05def511c10ca18f87fb3ba39db3d6e379295,BART,cnn_dm,2
20,650080097eaecf363e78dc74d302379d480ba3e1,onmt_pg,cnn_dm,1
20,d7566835a137b644059f98354dc0144312be877c,BART,cnn_dm,3
20,3e08fd7813ddd0c07031b0c323d1a14160af970c,abssentrw,cnn_dm,2
20,2d8090d6e313140c83b04d80d450866584f725ee,onmt_pg,cnn_dm,2
20,87a05def511c10ca18f87fb3ba39db3d6e379295,__REFERENCE__,cnn_dm,1
20,650080097eaecf363e78dc74d302379d480ba3e1,__REFERENCE__,cnn_dm,4
20,3e08fd7813ddd0c07031b0c323d1a14160af970c,seneca,cnn_dm,4
20,87a05def511c10ca18f87fb3ba39db3d6e379295,abssentrw,cnn_dm,3
20,3e08fd7813ddd0c07031b0c323d1a14160af970c,BART,cnn_dm,4
20,2d8090d6e313140c83b04d80d450866584f725ee,abssentrw,cnn_dm,3
20,87a05def511c10ca18f87fb3ba39db3d6e379295,seneca,cnn_dm,1
20,2d8090d6e313140c83b04d80d450866584f725ee,__REFERENCE__,cnn_dm,2
20,d7566835a137b644059f98354dc0144312be877c,seneca,cnn_dm,1
20,d7566835a137b644059f98354dc0144312be877c,onmt_pg,cnn_dm,2
20,d7566835a137b644059f98354dc0144312be877c,__REFERENCE__,cnn_dm,1
20,3e08fd7813ddd0c07031b0c323d1a14160af970c,onmt_pg,cnn_dm,2
20,2d8090d6e313140c83b04d80d450866584f725ee,BART,cnn_dm,2
20,650080097eaecf363e78dc74d302379d480ba3e1,abssentrw,cnn_dm,2
20,d7566835a137b644059f98354dc0144312be877c,abssentrw,cnn_dm,2
20,2d8090d6e313140c83b04d80d450866584f725ee,seneca,cnn_dm,1
20,3e08fd7813ddd0c07031b0c323d1a14160af970c,__REFERENCE__,cnn_dm,1
20,650080097eaecf363e78dc74d302379d480ba3e1,seneca,cnn_dm,1
21,50e6a46711b64f333ddd3ce529097fa553c3913c,BART,cnn_dm,5
21,50e6a46711b64f333ddd3ce529097fa553c3913c,abssentrw,cnn_dm,5
21,50e6a46711b64f333ddd3ce529097fa553c3913c,__REFERENCE__,cnn_dm,4
21,e2706dce6cf26bc61b082438188fdb6e130d9e40,abssentrw,cnn_dm,3
21,7df3e37c8613fd20fb6791aed1b2b31b4ac7a522,onmt_pg,cnn_dm,4
21,50e6a46711b64f333ddd3ce529097fa553c3913c,seneca,cnn_dm,2
21,7df3e37c8613fd20fb6791aed1b2b31b4ac7a522,__REFERENCE__,cnn_dm,3
21,6b3e5879caae91fdca5075479b2aea2259c991c4,__REFERENCE__,cnn_dm,2
21,faf5a752ae42c7e325f93cebef744e02338a9a0c,__REFERENCE__,cnn_dm,3
21,6b3e5879caae91fdca5075479b2aea2259c991c4,BART,cnn_dm,4
21,50e6a46711b64f333ddd3ce529097fa553c3913c,onmt_pg,cnn_dm,5
21,faf5a752ae42c7e325f93cebef744e02338a9a0c,onmt_pg,cnn_dm,5
21,7df3e37c8613fd20fb6791aed1b2b31b4ac7a522,seneca,cnn_dm,3
21,faf5a752ae42c7e325f93cebef744e02338a9a0c,seneca,cnn_dm,3
21,e2706dce6cf26bc61b082438188fdb6e130d9e40,onmt_pg,cnn_dm,2
21,7df3e37c8613fd20fb6791aed1b2b31b4ac7a522,abssentrw,cnn_dm,5
21,6b3e5879caae91fdca5075479b2aea2259c991c4,onmt_pg,cnn_dm,5
21,e2706dce6cf26bc61b082438188fdb6e130d9e40,__REFERENCE__,cnn_dm,4
21,6b3e5879caae91fdca5075479b2aea2259c991c4,seneca,cnn_dm,3
21,faf5a752ae42c7e325f93cebef744e02338a9a0c,BART,cnn_dm,5
21,e2706dce6cf26bc61b082438188fdb6e130d9e40,BART,cnn_dm,4
21,e2706dce6cf26bc61b082438188fdb6e130d9e40,seneca,cnn_dm,2
21,faf5a752ae42c7e325f93cebef744e02338a9a0c,abssentrw,cnn_dm,4
21,6b3e5879caae91fdca5075479b2aea2259c991c4,abssentrw,cnn_dm,3
21,7df3e37c8613fd20fb6791aed1b2b31b4ac7a522,BART,cnn_dm,7
22,650080097eaecf363e78dc74d302379d480ba3e1,BART,cnn_dm,6
22,87a05def511c10ca18f87fb3ba39db3d6e379295,onmt_pg,cnn_dm,5
22,87a05def511c10ca18f87fb3ba39db3d6e379295,BART,cnn_dm,6
22,650080097eaecf363e78dc74d302379d480ba3e1,onmt_pg,cnn_dm,7
22,d7566835a137b644059f98354dc0144312be877c,BART,cnn_dm,7
22,3e08fd7813ddd0c07031b0c323d1a14160af970c,abssentrw,cnn_dm,5
22,2d8090d6e313140c83b04d80d450866584f725ee,onmt_pg,cnn_dm,6
22,87a05def511c10ca18f87fb3ba39db3d6e379295,__REFERENCE__,cnn_dm,5
22,650080097eaecf363e78dc74d302379d480ba3e1,__REFERENCE__,cnn_dm,5
22,3e08fd7813ddd0c07031b0c323d1a14160af970c,seneca,cnn_dm,4
22,87a05def511c10ca18f87fb3ba39db3d6e379295,abssentrw,cnn_dm,6
22,3e08fd7813ddd0c07031b0c323d1a14160af970c,BART,cnn_dm,7
22,2d8090d6e313140c83b04d80d450866584f725ee,abssentrw,cnn_dm,6
22,87a05def511c10ca18f87fb3ba39db3d6e379295,seneca,cnn_dm,4
22,2d8090d6e313140c83b04d80d450866584f725ee,__REFERENCE__,cnn_dm,4
22,d7566835a137b644059f98354dc0144312be877c,seneca,cnn_dm,3
22,d7566835a137b644059f98354dc0144312be877c,onmt_pg,cnn_dm,7
22,d7566835a137b644059f98354dc0144312be877c,__REFERENCE__,cnn_dm,6
22,3e08fd7813ddd0c07031b0c323d1a14160af970c,onmt_pg,cnn_dm,3
22,2d8090d6e313140c83b04d80d450866584f725ee,BART,cnn_dm,6
22,650080097eaecf363e78dc74d302379d480ba3e1,abssentrw,cnn_dm,6
22,d7566835a137b644059f98354dc0144312be877c,abssentrw,cnn_dm,4
22,2d8090d6e313140c83b04d80d450866584f725ee,seneca,cnn_dm,5
22,3e08fd7813ddd0c07031b0c323d1a14160af970c,__REFERENCE__,cnn_dm,3
22,650080097eaecf363e78dc74d302379d480ba3e1,seneca,cnn_dm,6
23,c9a1a96a3b216532c56c869d81dd16c5103664cb,onmt_pg,cnn_dm,7
23,1346277b7785f0e331c94d2bca2129c00fb87767,abssentrw,cnn_dm,3
23,1346277b7785f0e331c94d2bca2129c00fb87767,__REFERENCE__,cnn_dm,7
23,c9a1a96a3b216532c56c869d81dd16c5103664cb,seneca,cnn_dm,3
23,c1de892aefd7aa1c6c0ad980039252b8c41f208b,abssentrw,cnn_dm,2
23,e4e990208d0f9dcd9bdac5e2e6dcf11aac28cb91,BART,cnn_dm,7
23,bff83ed707bc5db55bb29fa942f77711667f1f1a,BART,cnn_dm,4
23,1346277b7785f0e331c94d2bca2129c00fb87767,seneca,cnn_dm,2
23,bff83ed707bc5db55bb29fa942f77711667f1f1a,onmt_pg,cnn_dm,1
23,c9a1a96a3b216532c56c869d81dd16c5103664cb,BART,cnn_dm,5
23,bff83ed707bc5db55bb29fa942f77711667f1f1a,__REFERENCE__,cnn_dm,7
23,1346277b7785f0e331c94d2bca2129c00fb87767,BART,cnn_dm,7
23,bff83ed707bc5db55bb29fa942f77711667f1f1a,seneca,cnn_dm,5
23,e4e990208d0f9dcd9bdac5e2e6dcf11aac28cb91,seneca,cnn_dm,5
23,c1de892aefd7aa1c6c0ad980039252b8c41f208b,__REFERENCE__,cnn_dm,1
23,c1de892aefd7aa1c6c0ad980039252b8c41f208b,seneca,cnn_dm,5
23,e4e990208d0f9dcd9bdac5e2e6dcf11aac28cb91,abssentrw,cnn_dm,5
23,1346277b7785f0e331c94d2bca2129c00fb87767,onmt_pg,cnn_dm,7
23,c9a1a96a3b216532c56c869d81dd16c5103664cb,__REFERENCE__,cnn_dm,5
23,c9a1a96a3b216532c56c869d81dd16c5103664cb,abssentrw,cnn_dm,7
23,e4e990208d0f9dcd9bdac5e2e6dcf11aac28cb91,__REFERENCE__,cnn_dm,3
23,bff83ed707bc5db55bb29fa942f77711667f1f1a,abssentrw,cnn_dm,4
23,c1de892aefd7aa1c6c0ad980039252b8c41f208b,onmt_pg,cnn_dm,7
23,e4e990208d0f9dcd9bdac5e2e6dcf11aac28cb91,onmt_pg,cnn_dm,7
23,c1de892aefd7aa1c6c0ad980039252b8c41f208b,BART,cnn_dm,6
24,50e6a46711b64f333ddd3ce529097fa553c3913c,BART,cnn_dm,6
24,50e6a46711b64f333ddd3ce529097fa553c3913c,abssentrw,cnn_dm,2
24,50e6a46711b64f333ddd3ce529097fa553c3913c,__REFERENCE__,cnn_dm,3
24,e2706dce6cf26bc61b082438188fdb6e130d9e40,abssentrw,cnn_dm,2
24,7df3e37c8613fd20fb6791aed1b2b31b4ac7a522,onmt_pg,cnn_dm,5
24,50e6a46711b64f333ddd3ce529097fa553c3913c,seneca,cnn_dm,2
24,7df3e37c8613fd20fb6791aed1b2b31b4ac7a522,__REFERENCE__,cnn_dm,5
24,6b3e5879caae91fdca5075479b2aea2259c991c4,__REFERENCE__,cnn_dm,2
24,faf5a752ae42c7e325f93cebef744e02338a9a0c,__REFERENCE__,cnn_dm,5
24,6b3e5879caae91fdca5075479b2aea2259c991c4,BART,cnn_dm,4
24,50e6a46711b64f333ddd3ce529097fa553c3913c,onmt_pg,cnn_dm,4
24,faf5a752ae42c7e325f93cebef744e02338a9a0c,onmt_pg,cnn_dm,4
24,7df3e37c8613fd20fb6791aed1b2b31b4ac7a522,seneca,cnn_dm,4
24,faf5a752ae42c7e325f93cebef744e02338a9a0c,seneca,cnn_dm,3
24,e2706dce6cf26bc61b082438188fdb6e130d9e40,onmt_pg,cnn_dm,6
24,7df3e37c8613fd20fb6791aed1b2b31b4ac7a522,abssentrw,cnn_dm,4
24,6b3e5879caae91fdca5075479b2aea2259c991c4,onmt_pg,cnn_dm,5
24,e2706dce6cf26bc61b082438188fdb6e130d9e40,__REFERENCE__,cnn_dm,6
24,6b3e5879caae91fdca5075479b2aea2259c991c4,seneca,cnn_dm,2
24,faf5a752ae42c7e325f93cebef744e02338a9a0c,BART,cnn_dm,5
24,e2706dce6cf26bc61b082438188fdb6e130d9e40,BART,cnn_dm,5
24,e2706dce6cf26bc61b082438188fdb6e130d9e40,seneca,cnn_dm,3
24,faf5a752ae42c7e325f93cebef744e02338a9a0c,abssentrw,cnn_dm,3
24,6b3e5879caae91fdca5075479b2aea2259c991c4,abssentrw,cnn_dm,2
24,7df3e37c8613fd20fb6791aed1b2b31b4ac7a522,BART,cnn_dm,6
25,d322d72a8565ac2487b85e0b71035d4812ab80f1,__REFERENCE__,cnn_dm,3
25,d322d72a8565ac2487b85e0b71035d4812ab80f1,seneca,cnn_dm,1
25,aab238ffef9ea27adcdc25882ba9e261aaf93995,BART,cnn_dm,3
25,951535fc236a616bb55f29b4f93dc54b08e5bbb1,onmt_pg,cnn_dm,4
25,d322d72a8565ac2487b85e0b71035d4812ab80f1,BART,cnn_dm,4
25,951535fc236a616bb55f29b4f93dc54b08e5bbb1,BART,cnn_dm,4
25,1494f1f351a0898ec3620b3c4a49b15d9f740a0e,onmt_pg,cnn_dm,4
25,aab238ffef9ea27adcdc25882ba9e261aaf93995,onmt_pg,cnn_dm,5
25,aab238ffef9ea27adcdc25882ba9e261aaf93995,abssentrw,cnn_dm,6
25,e27f9736be51b66e759a9ae7bceb0d6c4ba3d457,abssentrw,cnn_dm,3
25,951535fc236a616bb55f29b4f93dc54b08e5bbb1,abssentrw,cnn_dm,5
25,aab238ffef9ea27adcdc25882ba9e261aaf93995,__REFERENCE__,cnn_dm,6
25,aab238ffef9ea27adcdc25882ba9e261aaf93995,seneca,cnn_dm,2
25,e27f9736be51b66e759a9ae7bceb0d6c4ba3d457,BART,cnn_dm,5
25,e27f9736be51b66e759a9ae7bceb0d6c4ba3d457,onmt_pg,cnn_dm,6
25,1494f1f351a0898ec3620b3c4a49b15d9f740a0e,BART,cnn_dm,3
25,951535fc236a616bb55f29b4f93dc54b08e5bbb1,__REFERENCE__,cnn_dm,4
25,d322d72a8565ac2487b85e0b71035d4812ab80f1,abssentrw,cnn_dm,4
25,1494f1f351a0898ec3620b3c4a49b15d9f740a0e,seneca,cnn_dm,3
25,951535fc236a616bb55f29b4f93dc54b08e5bbb1,seneca,cnn_dm,1
25,1494f1f351a0898ec3620b3c4a49b15d9f740a0e,abssentrw,cnn_dm,6
25,1494f1f351a0898ec3620b3c4a49b15d9f740a0e,__REFERENCE__,cnn_dm,7
25,e27f9736be51b66e759a9ae7bceb0d6c4ba3d457,seneca,cnn_dm,2
25,d322d72a8565ac2487b85e0b71035d4812ab80f1,onmt_pg,cnn_dm,7
25,e27f9736be51b66e759a9ae7bceb0d6c4ba3d457,__REFERENCE__,cnn_dm,6
26,50e6a46711b64f333ddd3ce529097fa553c3913c,BART,cnn_dm,6
26,50e6a46711b64f333ddd3ce529097fa553c3913c,abssentrw,cnn_dm,2
26,50e6a46711b64f333ddd3ce529097fa553c3913c,__REFERENCE__,cnn_dm,5
26,e2706dce6cf26bc61b082438188fdb6e130d9e40,abssentrw,cnn_dm,3
26,7df3e37c8613fd20fb6791aed1b2b31b4ac7a522,onmt_pg,cnn_dm,5
26,50e6a46711b64f333ddd3ce529097fa553c3913c,seneca,cnn_dm,2
26,7df3e37c8613fd20fb6791aed1b2b31b4ac7a522,__REFERENCE__,cnn_dm,3
26,6b3e5879caae91fdca5075479b2aea2259c991c4,__REFERENCE__,cnn_dm,5
26,faf5a752ae42c7e325f93cebef744e02338a9a0c,__REFERENCE__,cnn_dm,6
26,6b3e5879caae91fdca5075479b2aea2259c991c4,BART,cnn_dm,5
26,50e6a46711b64f333ddd3ce529097fa553c3913c,onmt_pg,cnn_dm,6
26,faf5a752ae42c7e325f93cebef744e02338a9a0c,onmt_pg,cnn_dm,5
26,7df3e37c8613fd20fb6791aed1b2b31b4ac7a522,seneca,cnn_dm,4
26,faf5a752ae42c7e325f93cebef744e02338a9a0c,seneca,cnn_dm,4
26,e2706dce6cf26bc61b082438188fdb6e130d9e40,onmt_pg,cnn_dm,5
26,7df3e37c8613fd20fb6791aed1b2b31b4ac7a522,abssentrw,cnn_dm,4
26,6b3e5879caae91fdca5075479b2aea2259c991c4,onmt_pg,cnn_dm,6
26,e2706dce6cf26bc61b082438188fdb6e130d9e40,__REFERENCE__,cnn_dm,5
26,6b3e5879caae91fdca5075479b2aea2259c991c4,seneca,cnn_dm,3
26,faf5a752ae42c7e325f93cebef744e02338a9a0c,BART,cnn_dm,6
26,e2706dce6cf26bc61b082438188fdb6e130d9e40,BART,cnn_dm,6
26,e2706dce6cf26bc61b082438188fdb6e130d9e40,seneca,cnn_dm,2
26,faf5a752ae42c7e325f93cebef744e02338a9a0c,abssentrw,cnn_dm,4
26,6b3e5879caae91fdca5075479b2aea2259c991c4,abssentrw,cnn_dm,2
26,7df3e37c8613fd20fb6791aed1b2b31b4ac7a522,BART,cnn_dm,6
27,d322d72a8565ac2487b85e0b71035d4812ab80f1,__REFERENCE__,cnn_dm,4
27,d322d72a8565ac2487b85e0b71035d4812ab80f1,seneca,cnn_dm,2
27,aab238ffef9ea27adcdc25882ba9e261aaf93995,BART,cnn_dm,6
27,951535fc236a616bb55f29b4f93dc54b08e5bbb1,onmt_pg,cnn_dm,5
27,d322d72a8565ac2487b85e0b71035d4812ab80f1,BART,cnn_dm,5
27,951535fc236a616bb55f29b4f93dc54b08e5bbb1,BART,cnn_dm,7
27,1494f1f351a0898ec3620b3c4a49b15d9f740a0e,onmt_pg,cnn_dm,5
27,aab238ffef9ea27adcdc25882ba9e261aaf93995,onmt_pg,cnn_dm,4
27,aab238ffef9ea27adcdc25882ba9e261aaf93995,abssentrw,cnn_dm,6
27,e27f9736be51b66e759a9ae7bceb0d6c4ba3d457,abssentrw,cnn_dm,3
27,951535fc236a616bb55f29b4f93dc54b08e5bbb1,abssentrw,cnn_dm,2
27,aab238ffef9ea27adcdc25882ba9e261aaf93995,__REFERENCE__,cnn_dm,7
27,aab238ffef9ea27adcdc25882ba9e261aaf93995,seneca,cnn_dm,1
27,e27f9736be51b66e759a9ae7bceb0d6c4ba3d457,BART,cnn_dm,5
27,e27f9736be51b66e759a9ae7bceb0d6c4ba3d457,onmt_pg,cnn_dm,4
27,1494f1f351a0898ec3620b3c4a49b15d9f740a0e,BART,cnn_dm,4
27,951535fc236a616bb55f29b4f93dc54b08e5bbb1,__REFERENCE__,cnn_dm,3
27,d322d72a8565ac2487b85e0b71035d4812ab80f1,abssentrw,cnn_dm,1
27,1494f1f351a0898ec3620b3c4a49b15d9f740a0e,seneca,cnn_dm,6
27,951535fc236a616bb55f29b4f93dc54b08e5bbb1,seneca,cnn_dm,1
27,1494f1f351a0898ec3620b3c4a49b15d9f740a0e,abssentrw,cnn_dm,5
27,1494f1f351a0898ec3620b3c4a49b15d9f740a0e,__REFERENCE__,cnn_dm,4
27,e27f9736be51b66e759a9ae7bceb0d6c4ba3d457,seneca,cnn_dm,3
27,d322d72a8565ac2487b85e0b71035d4812ab80f1,onmt_pg,cnn_dm,7
27,e27f9736be51b66e759a9ae7bceb0d6c4ba3d457,__REFERENCE__,cnn_dm,5
28,c9a1a96a3b216532c56c869d81dd16c5103664cb,onmt_pg,cnn_dm,3
28,1346277b7785f0e331c94d2bca2129c00fb87767,abssentrw,cnn_dm,2
28,e4e990208d0f9dcd9bdac5e2e6dcf11aac28cb91,BART,cnn_dm,7
28,1346277b7785f0e331c94d2bca2129c00fb87767,__REFERENCE__,cnn_dm,6
28,c9a1a96a3b216532c56c869d81dd16c5103664cb,seneca,cnn_dm,1
28,c1de892aefd7aa1c6c0ad980039252b8c41f208b,abssentrw,cnn_dm,2
28,bff83ed707bc5db55bb29fa942f77711667f1f1a,BART,cnn_dm,5
28,1346277b7785f0e331c94d2bca2129c00fb87767,seneca,cnn_dm,3
28,bff83ed707bc5db55bb29fa942f77711667f1f1a,onmt_pg,cnn_dm,6
28,c9a1a96a3b216532c56c869d81dd16c5103664cb,BART,cnn_dm,6
28,bff83ed707bc5db55bb29fa942f77711667f1f1a,__REFERENCE__,cnn_dm,7
28,1346277b7785f0e331c94d2bca2129c00fb87767,BART,cnn_dm,7
28,bff83ed707bc5db55bb29fa942f77711667f1f1a,seneca,cnn_dm,6
28,e4e990208d0f9dcd9bdac5e2e6dcf11aac28cb91,seneca,cnn_dm,3
28,c1de892aefd7aa1c6c0ad980039252b8c41f208b,__REFERENCE__,cnn_dm,6
28,c1de892aefd7aa1c6c0ad980039252b8c41f208b,seneca,cnn_dm,2
28,e4e990208d0f9dcd9bdac5e2e6dcf11aac28cb91,abssentrw,cnn_dm,4
28,1346277b7785f0e331c94d2bca2129c00fb87767,onmt_pg,cnn_dm,5
28,c9a1a96a3b216532c56c869d81dd16c5103664cb,__REFERENCE__,cnn_dm,4
28,c9a1a96a3b216532c56c869d81dd16c5103664cb,abssentrw,cnn_dm,4
28,e4e990208d0f9dcd9bdac5e2e6dcf11aac28cb91,__REFERENCE__,cnn_dm,1
28,bff83ed707bc5db55bb29fa942f77711667f1f1a,abssentrw,cnn_dm,6
28,c1de892aefd7aa1c6c0ad980039252b8c41f208b,onmt_pg,cnn_dm,3
28,e4e990208d0f9dcd9bdac5e2e6dcf11aac28cb91,onmt_pg,cnn_dm,5
28,c1de892aefd7aa1c6c0ad980039252b8c41f208b,BART,cnn_dm,6
29,650080097eaecf363e78dc74d302379d480ba3e1,BART,cnn_dm,3
29,87a05def511c10ca18f87fb3ba39db3d6e379295,onmt_pg,cnn_dm,2
29,87a05def511c10ca18f87fb3ba39db3d6e379295,BART,cnn_dm,5
29,650080097eaecf363e78dc74d302379d480ba3e1,onmt_pg,cnn_dm,6
29,d7566835a137b644059f98354dc0144312be877c,BART,cnn_dm,1
29,3e08fd7813ddd0c07031b0c323d1a14160af970c,abssentrw,cnn_dm,4
29,2d8090d6e313140c83b04d80d450866584f725ee,onmt_pg,cnn_dm,5
29,87a05def511c10ca18f87fb3ba39db3d6e379295,__REFERENCE__,cnn_dm,3
29,650080097eaecf363e78dc74d302379d480ba3e1,__REFERENCE__,cnn_dm,7
29,3e08fd7813ddd0c07031b0c323d1a14160af970c,seneca,cnn_dm,3
29,87a05def511c10ca18f87fb3ba39db3d6e379295,abssentrw,cnn_dm,3
29,3e08fd7813ddd0c07031b0c323d1a14160af970c,BART,cnn_dm,6
29,2d8090d6e313140c83b04d80d450866584f725ee,abssentrw,cnn_dm,3
29,87a05def511c10ca18f87fb3ba39db3d6e379295,seneca,cnn_dm,2
29,2d8090d6e313140c83b04d80d450866584f725ee,__REFERENCE__,cnn_dm,5
29,d7566835a137b644059f98354dc0144312be877c,seneca,cnn_dm,5
29,d7566835a137b644059f98354dc0144312be877c,onmt_pg,cnn_dm,6
29,d7566835a137b644059f98354dc0144312be877c,__REFERENCE__,cnn_dm,5
29,3e08fd7813ddd0c07031b0c323d1a14160af970c,onmt_pg,cnn_dm,6
29,2d8090d6e313140c83b04d80d450866584f725ee,BART,cnn_dm,6
29,650080097eaecf363e78dc74d302379d480ba3e1,abssentrw,cnn_dm,2
29,d7566835a137b644059f98354dc0144312be877c,abssentrw,cnn_dm,2
29,2d8090d6e313140c83b04d80d450866584f725ee,seneca,cnn_dm,3
29,3e08fd7813ddd0c07031b0c323d1a14160af970c,__REFERENCE__,cnn_dm,3
29,650080097eaecf363e78dc74d302379d480ba3e1,seneca,cnn_dm,4
30,04310ac4c80c9a47db827a195de8f981eb81f4f9,abssentrw,cnn_dm,5
30,4487bcbdc4ea093a895809289d301c9b4cf1cfb7,__REFERENCE__,cnn_dm,3
30,1b884cf6cb5180ea2143142d0a0b30f352865bd9,BART,cnn_dm,5
30,7b6e1b6411c267b63accbf07a6eb9ff20ee866e3,onmt_pg,cnn_dm,5
30,7b6e1b6411c267b63accbf07a6eb9ff20ee866e3,__REFERENCE__,cnn_dm,6
30,1b884cf6cb5180ea2143142d0a0b30f352865bd9,abssentrw,cnn_dm,7
30,1b884cf6cb5180ea2143142d0a0b30f352865bd9,seneca,cnn_dm,2
30,04310ac4c80c9a47db827a195de8f981eb81f4f9,onmt_pg,cnn_dm,6
30,1b884cf6cb5180ea2143142d0a0b30f352865bd9,__REFERENCE__,cnn_dm,4
30,7b6e1b6411c267b63accbf07a6eb9ff20ee866e3,seneca,cnn_dm,1
30,d77d530c45661f617857a99a49b9c90d2c1ce1d8,seneca,cnn_dm,2
30,7b6e1b6411c267b63accbf07a6eb9ff20ee866e3,BART,cnn_dm,4
30,4487bcbdc4ea093a895809289d301c9b4cf1cfb7,abssentrw,cnn_dm,3
30,7b6e1b6411c267b63accbf07a6eb9ff20ee866e3,abssentrw,cnn_dm,5
30,4487bcbdc4ea093a895809289d301c9b4cf1cfb7,onmt_pg,cnn_dm,3
30,04310ac4c80c9a47db827a195de8f981eb81f4f9,BART,cnn_dm,7
30,d77d530c45661f617857a99a49b9c90d2c1ce1d8,abssentrw,cnn_dm,4
30,d77d530c45661f617857a99a49b9c90d2c1ce1d8,BART,cnn_dm,6
30,04310ac4c80c9a47db827a195de8f981eb81f4f9,seneca,cnn_dm,3
30,04310ac4c80c9a47db827a195de8f981eb81f4f9,__REFERENCE__,cnn_dm,5
30,4487bcbdc4ea093a895809289d301c9b4cf1cfb7,BART,cnn_dm,6
30,d77d530c45661f617857a99a49b9c90d2c1ce1d8,__REFERENCE__,cnn_dm,3
30,4487bcbdc4ea093a895809289d301c9b4cf1cfb7,seneca,cnn_dm,2
30,1b884cf6cb5180ea2143142d0a0b30f352865bd9,onmt_pg,cnn_dm,5
30,d77d530c45661f617857a99a49b9c90d2c1ce1d8,onmt_pg,cnn_dm,6
31,04310ac4c80c9a47db827a195de8f981eb81f4f9,abssentrw,cnn_dm,3
31,4487bcbdc4ea093a895809289d301c9b4cf1cfb7,__REFERENCE__,cnn_dm,7
31,1b884cf6cb5180ea2143142d0a0b30f352865bd9,BART,cnn_dm,4
31,7b6e1b6411c267b63accbf07a6eb9ff20ee866e3,onmt_pg,cnn_dm,2
31,7b6e1b6411c267b63accbf07a6eb9ff20ee866e3,__REFERENCE__,cnn_dm,6
31,1b884cf6cb5180ea2143142d0a0b30f352865bd9,abssentrw,cnn_dm,5
31,1b884cf6cb5180ea2143142d0a0b30f352865bd9,seneca,cnn_dm,2
31,04310ac4c80c9a47db827a195de8f981eb81f4f9,onmt_pg,cnn_dm,4
31,1b884cf6cb5180ea2143142d0a0b30f352865bd9,__REFERENCE__,cnn_dm,1
31,7b6e1b6411c267b63accbf07a6eb9ff20ee866e3,seneca,cnn_dm,2
31,d77d530c45661f617857a99a49b9c90d2c1ce1d8,seneca,cnn_dm,2
31,7b6e1b6411c267b63accbf07a6eb9ff20ee866e3,BART,cnn_dm,6
31,7b6e1b6411c267b63accbf07a6eb9ff20ee866e3,abssentrw,cnn_dm,5
31,04310ac4c80c9a47db827a195de8f981eb81f4f9,BART,cnn_dm,6
31,d77d530c45661f617857a99a49b9c90d2c1ce1d8,abssentrw,cnn_dm,3
31,4487bcbdc4ea093a895809289d301c9b4cf1cfb7,abssentrw,cnn_dm,3
31,4487bcbdc4ea093a895809289d301c9b4cf1cfb7,onmt_pg,cnn_dm,7
31,1b884cf6cb5180ea2143142d0a0b30f352865bd9,onmt_pg,cnn_dm,4
31,d77d530c45661f617857a99a49b9c90d2c1ce1d8,BART,cnn_dm,7
31,04310ac4c80c9a47db827a195de8f981eb81f4f9,seneca,cnn_dm,2
31,04310ac4c80c9a47db827a195de8f981eb81f4f9,__REFERENCE__,cnn_dm,4
31,4487bcbdc4ea093a895809289d301c9b4cf1cfb7,BART,cnn_dm,7
31,d77d530c45661f617857a99a49b9c90d2c1ce1d8,__REFERENCE__,cnn_dm,2
31,4487bcbdc4ea093a895809289d301c9b4cf1cfb7,seneca,cnn_dm,2
31,d77d530c45661f617857a99a49b9c90d2c1ce1d8,onmt_pg,cnn_dm,5
32,761c33be5c784acc643c89dd8bad9b7945797dc1,__REFERENCE__,cnn_dm,3
32,db5fd900b59c7c7ead4ceb6ce55f598b1d7009e8,abssentrw,cnn_dm,5
32,db5fd900b59c7c7ead4ceb6ce55f598b1d7009e8,__REFERENCE__,cnn_dm,6
32,761c33be5c784acc643c89dd8bad9b7945797dc1,abssentrw,cnn_dm,4
32,7eaceed421cc9ed628e2f1f6e89cb20159b9b7ad,onmt_pg,cnn_dm,3
32,761c33be5c784acc643c89dd8bad9b7945797dc1,seneca,cnn_dm,6
32,7eaceed421cc9ed628e2f1f6e89cb20159b9b7ad,BART,cnn_dm,7
32,bc830788bac6dd33a7960fc68b3afc1e442f4dfe,seneca,cnn_dm,4
32,ef1fbde4aaf6fa48e2df37215a1bec4b1a550859,__REFERENCE__,cnn_dm,5
32,db5fd900b59c7c7ead4ceb6ce55f598b1d7009e8,BART,cnn_dm,4
32,bc830788bac6dd33a7960fc68b3afc1e442f4dfe,abssentrw,cnn_dm,3
32,bc830788bac6dd33a7960fc68b3afc1e442f4dfe,onmt_pg,cnn_dm,5
32,db5fd900b59c7c7ead4ceb6ce55f598b1d7009e8,seneca,cnn_dm,3
32,761c33be5c784acc643c89dd8bad9b7945797dc1,BART,cnn_dm,5
32,ef1fbde4aaf6fa48e2df37215a1bec4b1a550859,seneca,cnn_dm,4
32,ef1fbde4aaf6fa48e2df37215a1bec4b1a550859,BART,cnn_dm,7
32,bc830788bac6dd33a7960fc68b3afc1e442f4dfe,__REFERENCE__,cnn_dm,6
32,ef1fbde4aaf6fa48e2df37215a1bec4b1a550859,onmt_pg,cnn_dm,7
32,db5fd900b59c7c7ead4ceb6ce55f598b1d7009e8,onmt_pg,cnn_dm,6
32,ef1fbde4aaf6fa48e2df37215a1bec4b1a550859,abssentrw,cnn_dm,2
32,7eaceed421cc9ed628e2f1f6e89cb20159b9b7ad,__REFERENCE__,cnn_dm,1
32,7eaceed421cc9ed628e2f1f6e89cb20159b9b7ad,abssentrw,cnn_dm,4
32,bc830788bac6dd33a7960fc68b3afc1e442f4dfe,BART,cnn_dm,6
32,761c33be5c784acc643c89dd8bad9b7945797dc1,onmt_pg,cnn_dm,5
32,7eaceed421cc9ed628e2f1f6e89cb20159b9b7ad,seneca,cnn_dm,6
33,545c8f27751b46e3f8da1228fa010bccaebb3530,BART,cnn_dm,6
33,e359dddca898e41b9380db6208964201895ad226,BART,cnn_dm,6
33,545c8f27751b46e3f8da1228fa010bccaebb3530,onmt_pg,cnn_dm,5
33,be9b8379c0371294480cf94fa24dcc5bc2c02dfd,onmt_pg,cnn_dm,6
33,2b19de4fe8058015c655bd9cbeabd63ee360944e,__REFERENCE__,cnn_dm,3
33,2b19de4fe8058015c655bd9cbeabd63ee360944e,seneca,cnn_dm,2
33,2b19de4fe8058015c655bd9cbeabd63ee360944e,abssentrw,cnn_dm,4
33,e359dddca898e41b9380db6208964201895ad226,abssentrw,cnn_dm,5
33,be9b8379c0371294480cf94fa24dcc5bc2c02dfd,__REFERENCE__,cnn_dm,5
33,2b19de4fe8058015c655bd9cbeabd63ee360944e,BART,cnn_dm,5
33,e359dddca898e41b9380db6208964201895ad226,__REFERENCE__,cnn_dm,2
33,545c8f27751b46e3f8da1228fa010bccaebb3530,seneca,cnn_dm,4
33,be9b8379c0371294480cf94fa24dcc5bc2c02dfd,seneca,cnn_dm,3
33,9b82719134a6dcdb225fd7e33402d01afc478fd9,abssentrw,cnn_dm,3
33,be9b8379c0371294480cf94fa24dcc5bc2c02dfd,abssentrw,cnn_dm,5
33,e359dddca898e41b9380db6208964201895ad226,onmt_pg,cnn_dm,6
33,9b82719134a6dcdb225fd7e33402d01afc478fd9,BART,cnn_dm,7
33,9b82719134a6dcdb225fd7e33402d01afc478fd9,__REFERENCE__,cnn_dm,5
33,2b19de4fe8058015c655bd9cbeabd63ee360944e,onmt_pg,cnn_dm,5
33,545c8f27751b46e3f8da1228fa010bccaebb3530,__REFERENCE__,cnn_dm,6
33,545c8f27751b46e3f8da1228fa010bccaebb3530,abssentrw,cnn_dm,5
33,9b82719134a6dcdb225fd7e33402d01afc478fd9,onmt_pg,cnn_dm,5
33,e359dddca898e41b9380db6208964201895ad226,seneca,cnn_dm,3
33,9b82719134a6dcdb225fd7e33402d01afc478fd9,seneca,cnn_dm,3
33,be9b8379c0371294480cf94fa24dcc5bc2c02dfd,BART,cnn_dm,2
34,168d893a015c93c4fd2cdc3ab048a2b351478062,BART,cnn_dm,5
34,c0df03212175015b879394c43bd96031d16bce5a,abssentrw,cnn_dm,3
34,ca3b2dc93f170f06e3a60fe7cd3243d204cc4b75,__REFERENCE__,cnn_dm,4
34,c0df03212175015b879394c43bd96031d16bce5a,onmt_pg,cnn_dm,3
34,d996be0da10476a01b3019c76e8e21074d3d3585,seneca,cnn_dm,3
34,d996be0da10476a01b3019c76e8e21074d3d3585,abssentrw,cnn_dm,4
34,ca3b2dc93f170f06e3a60fe7cd3243d204cc4b75,BART,cnn_dm,5
34,168d893a015c93c4fd2cdc3ab048a2b351478062,abssentrw,cnn_dm,4
34,8668ab568627814febae951f2f4c93d22c6cac45,seneca,cnn_dm,5
34,ca3b2dc93f170f06e3a60fe7cd3243d204cc4b75,abssentrw,cnn_dm,6
34,8668ab568627814febae951f2f4c93d22c6cac45,abssentrw,cnn_dm,3
34,c0df03212175015b879394c43bd96031d16bce5a,__REFERENCE__,cnn_dm,4
34,168d893a015c93c4fd2cdc3ab048a2b351478062,__REFERENCE__,cnn_dm,5
34,168d893a015c93c4fd2cdc3ab048a2b351478062,onmt_pg,cnn_dm,5
34,c0df03212175015b879394c43bd96031d16bce5a,seneca,cnn_dm,5
34,8668ab568627814febae951f2f4c93d22c6cac45,onmt_pg,cnn_dm,7
34,ca3b2dc93f170f06e3a60fe7cd3243d204cc4b75,seneca,cnn_dm,5
34,ca3b2dc93f170f06e3a60fe7cd3243d204cc4b75,onmt_pg,cnn_dm,5
34,d996be0da10476a01b3019c76e8e21074d3d3585,__REFERENCE__,cnn_dm,4
34,c0df03212175015b879394c43bd96031d16bce5a,BART,cnn_dm,4
34,d996be0da10476a01b3019c76e8e21074d3d3585,BART,cnn_dm,5
34,8668ab568627814febae951f2f4c93d22c6cac45,BART,cnn_dm,7
34,168d893a015c93c4fd2cdc3ab048a2b351478062,seneca,cnn_dm,7
34,d996be0da10476a01b3019c76e8e21074d3d3585,onmt_pg,cnn_dm,5
34,8668ab568627814febae951f2f4c93d22c6cac45,__REFERENCE__,cnn_dm,2
35,7627d9788973785a485e9df3e59002df3a68ad48,seneca,cnn_dm,1
35,60ed760263c8577c407dd008c0d422212af88d98,__REFERENCE__,cnn_dm,1
35,9f270039c861e75ee2f01e4e2898a9ea04a96b26,onmt_pg,cnn_dm,2
35,60ed760263c8577c407dd008c0d422212af88d98,abssentrw,cnn_dm,1
35,62271db1dd48de59c7d9d78bad46220c15828547,BART,cnn_dm,2
35,7627d9788973785a485e9df3e59002df3a68ad48,__REFERENCE__,cnn_dm,3
35,f2be039ea0ca9f4ebbca215a112819c6b5833797,abssentrw,cnn_dm,1
35,60ed760263c8577c407dd008c0d422212af88d98,onmt_pg,cnn_dm,4
35,60ed760263c8577c407dd008c0d422212af88d98,BART,cnn_dm,4
35,7627d9788973785a485e9df3e59002df3a68ad48,BART,cnn_dm,3
35,9f270039c861e75ee2f01e4e2898a9ea04a96b26,BART,cnn_dm,3
35,62271db1dd48de59c7d9d78bad46220c15828547,onmt_pg,cnn_dm,4
35,f2be039ea0ca9f4ebbca215a112819c6b5833797,onmt_pg,cnn_dm,4
35,f2be039ea0ca9f4ebbca215a112819c6b5833797,seneca,cnn_dm,4
35,9f270039c861e75ee2f01e4e2898a9ea04a96b26,seneca,cnn_dm,3
35,60ed760263c8577c407dd008c0d422212af88d98,seneca,cnn_dm,2
35,9f270039c861e75ee2f01e4e2898a9ea04a96b26,__REFERENCE__,cnn_dm,4
35,9f270039c861e75ee2f01e4e2898a9ea04a96b26,abssentrw,cnn_dm,4
35,f2be039ea0ca9f4ebbca215a112819c6b5833797,BART,cnn_dm,5
35,62271db1dd48de59c7d9d78bad46220c15828547,seneca,cnn_dm,3
35,f2be039ea0ca9f4ebbca215a112819c6b5833797,__REFERENCE__,cnn_dm,4
35,62271db1dd48de59c7d9d78bad46220c15828547,__REFERENCE__,cnn_dm,5
35,7627d9788973785a485e9df3e59002df3a68ad48,abssentrw,cnn_dm,5
35,62271db1dd48de59c7d9d78bad46220c15828547,abssentrw,cnn_dm,4
35,7627d9788973785a485e9df3e59002df3a68ad48,onmt_pg,cnn_dm,4
36,c63a2e8c41da0461bae5c913c23044c8ebaff1a0,BART,cnn_dm,2
36,406e2d8a6b0ced31908a3f747852f316e3700c08,seneca,cnn_dm,4
36,6abf6352c19611cb666d8e294ac39e1908893188,__REFERENCE__,cnn_dm,2
36,cb081b7d193ad2ca414abad651d9465427b9a41a,seneca,cnn_dm,3
36,cb081b7d193ad2ca414abad651d9465427b9a41a,__REFERENCE__,cnn_dm,4
36,3cc1c54c0b4e95634f7036e0e05ad8c35090eb82,__REFERENCE__,cnn_dm,2
36,6abf6352c19611cb666d8e294ac39e1908893188,seneca,cnn_dm,5
36,3cc1c54c0b4e95634f7036e0e05ad8c35090eb82,BART,cnn_dm,4
36,c63a2e8c41da0461bae5c913c23044c8ebaff1a0,onmt_pg,cnn_dm,6
36,3cc1c54c0b4e95634f7036e0e05ad8c35090eb82,onmt_pg,cnn_dm,4
36,3cc1c54c0b4e95634f7036e0e05ad8c35090eb82,abssentrw,cnn_dm,5
36,406e2d8a6b0ced31908a3f747852f316e3700c08,onmt_pg,cnn_dm,4
36,cb081b7d193ad2ca414abad651d9465427b9a41a,onmt_pg,cnn_dm,4
36,c63a2e8c41da0461bae5c913c23044c8ebaff1a0,seneca,cnn_dm,3
36,c63a2e8c41da0461bae5c913c23044c8ebaff1a0,abssentrw,cnn_dm,3
36,406e2d8a6b0ced31908a3f747852f316e3700c08,abssentrw,cnn_dm,6
36,406e2d8a6b0ced31908a3f747852f316e3700c08,BART,cnn_dm,6
36,6abf6352c19611cb666d8e294ac39e1908893188,onmt_pg,cnn_dm,6
36,6abf6352c19611cb666d8e294ac39e1908893188,abssentrw,cnn_dm,4
36,6abf6352c19611cb666d8e294ac39e1908893188,BART,cnn_dm,7
36,3cc1c54c0b4e95634f7036e0e05ad8c35090eb82,seneca,cnn_dm,6
36,406e2d8a6b0ced31908a3f747852f316e3700c08,__REFERENCE__,cnn_dm,4
36,cb081b7d193ad2ca414abad651d9465427b9a41a,abssentrw,cnn_dm,3
36,c63a2e8c41da0461bae5c913c23044c8ebaff1a0,__REFERENCE__,cnn_dm,5
36,cb081b7d193ad2ca414abad651d9465427b9a41a,BART,cnn_dm,7
37,b184986948432aec3e837e9f85050359f220fd4b,seneca,cnn_dm,1
37,e1d536fce0ebb9bfd3d221e4ecd88c297bc5589b,abssentrw,cnn_dm,3
37,b184986948432aec3e837e9f85050359f220fd4b,__REFERENCE__,cnn_dm,6
37,e1d536fce0ebb9bfd3d221e4ecd88c297bc5589b,__REFERENCE__,cnn_dm,6
37,e1d536fce0ebb9bfd3d221e4ecd88c297bc5589b,onmt_pg,cnn_dm,5
37,e1d536fce0ebb9bfd3d221e4ecd88c297bc5589b,seneca,cnn_dm,3
37,b184986948432aec3e837e9f85050359f220fd4b,onmt_pg,cnn_dm,5
37,32f4b6d152208ddf4c651966931f8bcb7b95f8b5,onmt_pg,cnn_dm,4
37,32f4b6d152208ddf4c651966931f8bcb7b95f8b5,abssentrw,cnn_dm,7
37,46380367325d6c4b179f17eecea006138d2fa9bd,BART,cnn_dm,7
37,e93ba626eef732486b374341bbd56958f4b152c6,BART,cnn_dm,4
37,b184986948432aec3e837e9f85050359f220fd4b,BART,cnn_dm,5
37,46380367325d6c4b179f17eecea006138d2fa9bd,seneca,cnn_dm,3
37,e93ba626eef732486b374341bbd56958f4b152c6,onmt_pg,cnn_dm,2
37,46380367325d6c4b179f17eecea006138d2fa9bd,__REFERENCE__,cnn_dm,7
37,e93ba626eef732486b374341bbd56958f4b152c6,seneca,cnn_dm,3
37,46380367325d6c4b179f17eecea006138d2fa9bd,abssentrw,cnn_dm,7
37,e93ba626eef732486b374341bbd56958f4b152c6,abssentrw,cnn_dm,6
37,32f4b6d152208ddf4c651966931f8bcb7b95f8b5,BART,cnn_dm,5
37,32f4b6d152208ddf4c651966931f8bcb7b95f8b5,seneca,cnn_dm,6
37,46380367325d6c4b179f17eecea006138d2fa9bd,onmt_pg,cnn_dm,7
37,32f4b6d152208ddf4c651966931f8bcb7b95f8b5,__REFERENCE__,cnn_dm,5
37,e1d536fce0ebb9bfd3d221e4ecd88c297bc5589b,BART,cnn_dm,7
37,e93ba626eef732486b374341bbd56958f4b152c6,__REFERENCE__,cnn_dm,3
37,b184986948432aec3e837e9f85050359f220fd4b,abssentrw,cnn_dm,6
38,04310ac4c80c9a47db827a195de8f981eb81f4f9,abssentrw,cnn_dm,3
38,4487bcbdc4ea093a895809289d301c9b4cf1cfb7,__REFERENCE__,cnn_dm,5
38,1b884cf6cb5180ea2143142d0a0b30f352865bd9,BART,cnn_dm,4
38,7b6e1b6411c267b63accbf07a6eb9ff20ee866e3,onmt_pg,cnn_dm,3
38,7b6e1b6411c267b63accbf07a6eb9ff20ee866e3,__REFERENCE__,cnn_dm,5
38,1b884cf6cb5180ea2143142d0a0b30f352865bd9,abssentrw,cnn_dm,4
38,1b884cf6cb5180ea2143142d0a0b30f352865bd9,seneca,cnn_dm,2
38,04310ac4c80c9a47db827a195de8f981eb81f4f9,onmt_pg,cnn_dm,2
38,1b884cf6cb5180ea2143142d0a0b30f352865bd9,__REFERENCE__,cnn_dm,3
38,7b6e1b6411c267b63accbf07a6eb9ff20ee866e3,seneca,cnn_dm,2
38,d77d530c45661f617857a99a49b9c90d2c1ce1d8,seneca,cnn_dm,2
38,7b6e1b6411c267b63accbf07a6eb9ff20ee866e3,BART,cnn_dm,3
38,4487bcbdc4ea093a895809289d301c9b4cf1cfb7,abssentrw,cnn_dm,5
38,7b6e1b6411c267b63accbf07a6eb9ff20ee866e3,abssentrw,cnn_dm,5
38,4487bcbdc4ea093a895809289d301c9b4cf1cfb7,onmt_pg,cnn_dm,6
38,04310ac4c80c9a47db827a195de8f981eb81f4f9,BART,cnn_dm,7
38,d77d530c45661f617857a99a49b9c90d2c1ce1d8,abssentrw,cnn_dm,4
38,d77d530c45661f617857a99a49b9c90d2c1ce1d8,BART,cnn_dm,5
38,04310ac4c80c9a47db827a195de8f981eb81f4f9,seneca,cnn_dm,3
38,04310ac4c80c9a47db827a195de8f981eb81f4f9,__REFERENCE__,cnn_dm,4
38,4487bcbdc4ea093a895809289d301c9b4cf1cfb7,BART,cnn_dm,6
38,d77d530c45661f617857a99a49b9c90d2c1ce1d8,__REFERENCE__,cnn_dm,4
38,4487bcbdc4ea093a895809289d301c9b4cf1cfb7,seneca,cnn_dm,2
38,1b884cf6cb5180ea2143142d0a0b30f352865bd9,onmt_pg,cnn_dm,2
38,d77d530c45661f617857a99a49b9c90d2c1ce1d8,onmt_pg,cnn_dm,5
39,e359dddca898e41b9380db6208964201895ad226,BART,cnn_dm,4
39,545c8f27751b46e3f8da1228fa010bccaebb3530,BART,cnn_dm,5
39,545c8f27751b46e3f8da1228fa010bccaebb3530,onmt_pg,cnn_dm,2
39,be9b8379c0371294480cf94fa24dcc5bc2c02dfd,onmt_pg,cnn_dm,4
39,2b19de4fe8058015c655bd9cbeabd63ee360944e,__REFERENCE__,cnn_dm,2
39,2b19de4fe8058015c655bd9cbeabd63ee360944e,seneca,cnn_dm,1
39,2b19de4fe8058015c655bd9cbeabd63ee360944e,abssentrw,cnn_dm,1
39,e359dddca898e41b9380db6208964201895ad226,abssentrw,cnn_dm,2
39,be9b8379c0371294480cf94fa24dcc5bc2c02dfd,__REFERENCE__,cnn_dm,4
39,2b19de4fe8058015c655bd9cbeabd63ee360944e,BART,cnn_dm,4
39,e359dddca898e41b9380db6208964201895ad226,__REFERENCE__,cnn_dm,5
39,545c8f27751b46e3f8da1228fa010bccaebb3530,seneca,cnn_dm,2
39,be9b8379c0371294480cf94fa24dcc5bc2c02dfd,seneca,cnn_dm,3
39,9b82719134a6dcdb225fd7e33402d01afc478fd9,abssentrw,cnn_dm,5
39,be9b8379c0371294480cf94fa24dcc5bc2c02dfd,abssentrw,cnn_dm,4
39,e359dddca898e41b9380db6208964201895ad226,onmt_pg,cnn_dm,5
39,9b82719134a6dcdb225fd7e33402d01afc478fd9,BART,cnn_dm,7
39,9b82719134a6dcdb225fd7e33402d01afc478fd9,__REFERENCE__,cnn_dm,5
39,2b19de4fe8058015c655bd9cbeabd63ee360944e,onmt_pg,cnn_dm,5
39,545c8f27751b46e3f8da1228fa010bccaebb3530,__REFERENCE__,cnn_dm,5
39,545c8f27751b46e3f8da1228fa010bccaebb3530,abssentrw,cnn_dm,2
39,9b82719134a6dcdb225fd7e33402d01afc478fd9,onmt_pg,cnn_dm,5
39,e359dddca898e41b9380db6208964201895ad226,seneca,cnn_dm,3
39,9b82719134a6dcdb225fd7e33402d01afc478fd9,seneca,cnn_dm,2
39,be9b8379c0371294480cf94fa24dcc5bc2c02dfd,BART,cnn_dm,2
40,b184986948432aec3e837e9f85050359f220fd4b,seneca,cnn_dm,1
40,e1d536fce0ebb9bfd3d221e4ecd88c297bc5589b,abssentrw,cnn_dm,3
40,b184986948432aec3e837e9f85050359f220fd4b,__REFERENCE__,cnn_dm,5
40,e93ba626eef732486b374341bbd56958f4b152c6,seneca,cnn_dm,1
40,e1d536fce0ebb9bfd3d221e4ecd88c297bc5589b,__REFERENCE__,cnn_dm,6
40,e1d536fce0ebb9bfd3d221e4ecd88c297bc5589b,onmt_pg,cnn_dm,6
40,e1d536fce0ebb9bfd3d221e4ecd88c297bc5589b,seneca,cnn_dm,2
40,b184986948432aec3e837e9f85050359f220fd4b,onmt_pg,cnn_dm,6
40,32f4b6d152208ddf4c651966931f8bcb7b95f8b5,onmt_pg,cnn_dm,3
40,32f4b6d152208ddf4c651966931f8bcb7b95f8b5,abssentrw,cnn_dm,6
40,46380367325d6c4b179f17eecea006138d2fa9bd,BART,cnn_dm,6
40,46380367325d6c4b179f17eecea006138d2fa9bd,abssentrw,cnn_dm,2
40,e93ba626eef732486b374341bbd56958f4b152c6,BART,cnn_dm,5
40,b184986948432aec3e837e9f85050359f220fd4b,BART,cnn_dm,4
40,46380367325d6c4b179f17eecea006138d2fa9bd,seneca,cnn_dm,1
40,e93ba626eef732486b374341bbd56958f4b152c6,onmt_pg,cnn_dm,6
40,e93ba626eef732486b374341bbd56958f4b152c6,abssentrw,cnn_dm,4
40,46380367325d6c4b179f17eecea006138d2fa9bd,__REFERENCE__,cnn_dm,6
40,32f4b6d152208ddf4c651966931f8bcb7b95f8b5,BART,cnn_dm,1
40,32f4b6d152208ddf4c651966931f8bcb7b95f8b5,seneca,cnn_dm,4
40,46380367325d6c4b179f17eecea006138d2fa9bd,onmt_pg,cnn_dm,7
40,32f4b6d152208ddf4c651966931f8bcb7b95f8b5,__REFERENCE__,cnn_dm,5
40,e1d536fce0ebb9bfd3d221e4ecd88c297bc5589b,BART,cnn_dm,7
40,e93ba626eef732486b374341bbd56958f4b152c6,__REFERENCE__,cnn_dm,3
40,b184986948432aec3e837e9f85050359f220fd4b,abssentrw,cnn_dm,2
41,b184986948432aec3e837e9f85050359f220fd4b,seneca,cnn_dm,1
41,e1d536fce0ebb9bfd3d221e4ecd88c297bc5589b,abssentrw,cnn_dm,5
41,b184986948432aec3e837e9f85050359f220fd4b,__REFERENCE__,cnn_dm,7
41,e1d536fce0ebb9bfd3d221e4ecd88c297bc5589b,__REFERENCE__,cnn_dm,6
41,e1d536fce0ebb9bfd3d221e4ecd88c297bc5589b,onmt_pg,cnn_dm,6
41,e1d536fce0ebb9bfd3d221e4ecd88c297bc5589b,seneca,cnn_dm,4
41,b184986948432aec3e837e9f85050359f220fd4b,onmt_pg,cnn_dm,7
41,32f4b6d152208ddf4c651966931f8bcb7b95f8b5,onmt_pg,cnn_dm,6
41,32f4b6d152208ddf4c651966931f8bcb7b95f8b5,abssentrw,cnn_dm,6
41,46380367325d6c4b179f17eecea006138d2fa9bd,BART,cnn_dm,4
41,46380367325d6c4b179f17eecea006138d2fa9bd,abssentrw,cnn_dm,7
41,e93ba626eef732486b374341bbd56958f4b152c6,BART,cnn_dm,6
41,b184986948432aec3e837e9f85050359f220fd4b,BART,cnn_dm,7
41,46380367325d6c4b179f17eecea006138d2fa9bd,seneca,cnn_dm,2
41,e93ba626eef732486b374341bbd56958f4b152c6,onmt_pg,cnn_dm,3
41,e93ba626eef732486b374341bbd56958f4b152c6,abssentrw,cnn_dm,5
41,46380367325d6c4b179f17eecea006138d2fa9bd,__REFERENCE__,cnn_dm,5
41,e93ba626eef732486b374341bbd56958f4b152c6,seneca,cnn_dm,6
41,32f4b6d152208ddf4c651966931f8bcb7b95f8b5,BART,cnn_dm,6
41,32f4b6d152208ddf4c651966931f8bcb7b95f8b5,seneca,cnn_dm,7
41,46380367325d6c4b179f17eecea006138d2fa9bd,onmt_pg,cnn_dm,6
41,32f4b6d152208ddf4c651966931f8bcb7b95f8b5,__REFERENCE__,cnn_dm,7
41,e1d536fce0ebb9bfd3d221e4ecd88c297bc5589b,BART,cnn_dm,6
41,e93ba626eef732486b374341bbd56958f4b152c6,__REFERENCE__,cnn_dm,5
41,b184986948432aec3e837e9f85050359f220fd4b,abssentrw,cnn_dm,6
42,168d893a015c93c4fd2cdc3ab048a2b351478062,BART,cnn_dm,4
42,c0df03212175015b879394c43bd96031d16bce5a,abssentrw,cnn_dm,2
42,ca3b2dc93f170f06e3a60fe7cd3243d204cc4b75,__REFERENCE__,cnn_dm,7
42,c0df03212175015b879394c43bd96031d16bce5a,onmt_pg,cnn_dm,4
42,d996be0da10476a01b3019c76e8e21074d3d3585,seneca,cnn_dm,4
42,d996be0da10476a01b3019c76e8e21074d3d3585,abssentrw,cnn_dm,1
42,ca3b2dc93f170f06e3a60fe7cd3243d204cc4b75,BART,cnn_dm,7
42,168d893a015c93c4fd2cdc3ab048a2b351478062,abssentrw,cnn_dm,1
42,8668ab568627814febae951f2f4c93d22c6cac45,seneca,cnn_dm,6
42,ca3b2dc93f170f06e3a60fe7cd3243d204cc4b75,abssentrw,cnn_dm,7
42,8668ab568627814febae951f2f4c93d22c6cac45,abssentrw,cnn_dm,5
42,c0df03212175015b879394c43bd96031d16bce5a,__REFERENCE__,cnn_dm,7
42,168d893a015c93c4fd2cdc3ab048a2b351478062,__REFERENCE__,cnn_dm,1
42,168d893a015c93c4fd2cdc3ab048a2b351478062,onmt_pg,cnn_dm,7
42,c0df03212175015b879394c43bd96031d16bce5a,seneca,cnn_dm,5
42,8668ab568627814febae951f2f4c93d22c6cac45,onmt_pg,cnn_dm,7
42,ca3b2dc93f170f06e3a60fe7cd3243d204cc4b75,seneca,cnn_dm,4
42,ca3b2dc93f170f06e3a60fe7cd3243d204cc4b75,onmt_pg,cnn_dm,5
42,d996be0da10476a01b3019c76e8e21074d3d3585,__REFERENCE__,cnn_dm,7
42,8668ab568627814febae951f2f4c93d22c6cac45,BART,cnn_dm,6
42,c0df03212175015b879394c43bd96031d16bce5a,BART,cnn_dm,6
42,d996be0da10476a01b3019c76e8e21074d3d3585,BART,cnn_dm,7
42,168d893a015c93c4fd2cdc3ab048a2b351478062,seneca,cnn_dm,6
42,d996be0da10476a01b3019c76e8e21074d3d3585,onmt_pg,cnn_dm,3
42,8668ab568627814febae951f2f4c93d22c6cac45,__REFERENCE__,cnn_dm,6
43,69ae7665ded8713de6913d8c76abeedbcb5aab6c,BART,cnn_dm,5
43,cd6f8edd5641c9a3f977d257ec623305edc2a675,seneca,cnn_dm,2
43,b5c1c15b995f5000891e6f3a017328f17dde88ae,onmt_pg,cnn_dm,6
43,83de77cf44df09f5e61322dc32fd25ba621ba867,BART,cnn_dm,5
43,cb5638856f8d116a0285e2a6ea63f3381dc6218e,__REFERENCE__,cnn_dm,3
43,69ae7665ded8713de6913d8c76abeedbcb5aab6c,onmt_pg,cnn_dm,6
43,69ae7665ded8713de6913d8c76abeedbcb5aab6c,abssentrw,cnn_dm,6
43,cd6f8edd5641c9a3f977d257ec623305edc2a675,abssentrw,cnn_dm,6
43,83de77cf44df09f5e61322dc32fd25ba621ba867,abssentrw,cnn_dm,5
43,cd6f8edd5641c9a3f977d257ec623305edc2a675,BART,cnn_dm,7
43,83de77cf44df09f5e61322dc32fd25ba621ba867,onmt_pg,cnn_dm,4
43,69ae7665ded8713de6913d8c76abeedbcb5aab6c,seneca,cnn_dm,3
43,cb5638856f8d116a0285e2a6ea63f3381dc6218e,abssentrw,cnn_dm,3
43,cb5638856f8d116a0285e2a6ea63f3381dc6218e,onmt_pg,cnn_dm,4
43,cb5638856f8d116a0285e2a6ea63f3381dc6218e,seneca,cnn_dm,3
43,83de77cf44df09f5e61322dc32fd25ba621ba867,seneca,cnn_dm,3
43,83de77cf44df09f5e61322dc32fd25ba621ba867,__REFERENCE__,cnn_dm,2
43,69ae7665ded8713de6913d8c76abeedbcb5aab6c,__REFERENCE__,cnn_dm,1
43,b5c1c15b995f5000891e6f3a017328f17dde88ae,BART,cnn_dm,5
43,cb5638856f8d116a0285e2a6ea63f3381dc6218e,BART,cnn_dm,5
43,b5c1c15b995f5000891e6f3a017328f17dde88ae,__REFERENCE__,cnn_dm,4
43,cd6f8edd5641c9a3f977d257ec623305edc2a675,onmt_pg,cnn_dm,5
43,b5c1c15b995f5000891e6f3a017328f17dde88ae,abssentrw,cnn_dm,3
43,cd6f8edd5641c9a3f977d257ec623305edc2a675,__REFERENCE__,cnn_dm,3
43,b5c1c15b995f5000891e6f3a017328f17dde88ae,seneca,cnn_dm,3
44,761c33be5c784acc643c89dd8bad9b7945797dc1,__REFERENCE__,cnn_dm,5
44,db5fd900b59c7c7ead4ceb6ce55f598b1d7009e8,__REFERENCE__,cnn_dm,7
44,761c33be5c784acc643c89dd8bad9b7945797dc1,abssentrw,cnn_dm,5
44,db5fd900b59c7c7ead4ceb6ce55f598b1d7009e8,abssentrw,cnn_dm,5
44,7eaceed421cc9ed628e2f1f6e89cb20159b9b7ad,onmt_pg,cnn_dm,7
44,761c33be5c784acc643c89dd8bad9b7945797dc1,seneca,cnn_dm,4
44,7eaceed421cc9ed628e2f1f6e89cb20159b9b7ad,BART,cnn_dm,7
44,bc830788bac6dd33a7960fc68b3afc1e442f4dfe,seneca,cnn_dm,6
44,ef1fbde4aaf6fa48e2df37215a1bec4b1a550859,__REFERENCE__,cnn_dm,6
44,db5fd900b59c7c7ead4ceb6ce55f598b1d7009e8,BART,cnn_dm,6
44,bc830788bac6dd33a7960fc68b3afc1e442f4dfe,abssentrw,cnn_dm,6
44,bc830788bac6dd33a7960fc68b3afc1e442f4dfe,onmt_pg,cnn_dm,7
44,db5fd900b59c7c7ead4ceb6ce55f598b1d7009e8,seneca,cnn_dm,6
44,761c33be5c784acc643c89dd8bad9b7945797dc1,BART,cnn_dm,6
44,ef1fbde4aaf6fa48e2df37215a1bec4b1a550859,seneca,cnn_dm,6
44,ef1fbde4aaf6fa48e2df37215a1bec4b1a550859,BART,cnn_dm,7
44,bc830788bac6dd33a7960fc68b3afc1e442f4dfe,__REFERENCE__,cnn_dm,7
44,ef1fbde4aaf6fa48e2df37215a1bec4b1a550859,onmt_pg,cnn_dm,7
44,db5fd900b59c7c7ead4ceb6ce55f598b1d7009e8,onmt_pg,cnn_dm,6
44,ef1fbde4aaf6fa48e2df37215a1bec4b1a550859,abssentrw,cnn_dm,4
44,7eaceed421cc9ed628e2f1f6e89cb20159b9b7ad,__REFERENCE__,cnn_dm,7
44,7eaceed421cc9ed628e2f1f6e89cb20159b9b7ad,abssentrw,cnn_dm,6
44,761c33be5c784acc643c89dd8bad9b7945797dc1,onmt_pg,cnn_dm,5
44,7eaceed421cc9ed628e2f1f6e89cb20159b9b7ad,seneca,cnn_dm,5
44,bc830788bac6dd33a7960fc68b3afc1e442f4dfe,BART,cnn_dm,7
45,7aa17ec1a451f43187d8f96268e1d452ffcf8272,onmt_pg,cnn_dm,5
45,cb815147e8ba5c0ef70e2e361ebc7ef01566a8f7,BART,cnn_dm,6
45,7aa17ec1a451f43187d8f96268e1d452ffcf8272,abssentrw,cnn_dm,4
45,04e97afcfddc07753d82a3f21fde2a51e6a0e34f,BART,cnn_dm,3
45,3146c14e3a00d9d1d464110fba0dab55f01786e6,seneca,cnn_dm,2
45,04e97afcfddc07753d82a3f21fde2a51e6a0e34f,seneca,cnn_dm,2
45,cb815147e8ba5c0ef70e2e361ebc7ef01566a8f7,abssentrw,cnn_dm,2
45,7aa17ec1a451f43187d8f96268e1d452ffcf8272,BART,cnn_dm,4
45,14cd21ea5f40d302a47ff38395cfcfc5639d5b88,__REFERENCE__,cnn_dm,4
45,14cd21ea5f40d302a47ff38395cfcfc5639d5b88,seneca,cnn_dm,4
45,04e97afcfddc07753d82a3f21fde2a51e6a0e34f,onmt_pg,cnn_dm,6
45,3146c14e3a00d9d1d464110fba0dab55f01786e6,onmt_pg,cnn_dm,6
45,14cd21ea5f40d302a47ff38395cfcfc5639d5b88,abssentrw,cnn_dm,5
45,cb815147e8ba5c0ef70e2e361ebc7ef01566a8f7,seneca,cnn_dm,5
45,3146c14e3a00d9d1d464110fba0dab55f01786e6,BART,cnn_dm,6
45,7aa17ec1a451f43187d8f96268e1d452ffcf8272,__REFERENCE__,cnn_dm,4
45,7aa17ec1a451f43187d8f96268e1d452ffcf8272,seneca,cnn_dm,4
45,3146c14e3a00d9d1d464110fba0dab55f01786e6,abssentrw,cnn_dm,4
45,3146c14e3a00d9d1d464110fba0dab55f01786e6,__REFERENCE__,cnn_dm,7
45,cb815147e8ba5c0ef70e2e361ebc7ef01566a8f7,onmt_pg,cnn_dm,6
45,04e97afcfddc07753d82a3f21fde2a51e6a0e34f,abssentrw,cnn_dm,6
45,14cd21ea5f40d302a47ff38395cfcfc5639d5b88,BART,cnn_dm,7
45,cb815147e8ba5c0ef70e2e361ebc7ef01566a8f7,__REFERENCE__,cnn_dm,7
45,04e97afcfddc07753d82a3f21fde2a51e6a0e34f,__REFERENCE__,cnn_dm,7
45,14cd21ea5f40d302a47ff38395cfcfc5639d5b88,onmt_pg,cnn_dm,7
46,d996be0da10476a01b3019c76e8e21074d3d3585,abssentrw,cnn_dm,6
46,168d893a015c93c4fd2cdc3ab048a2b351478062,BART,cnn_dm,7
46,c0df03212175015b879394c43bd96031d16bce5a,abssentrw,cnn_dm,3
46,ca3b2dc93f170f06e3a60fe7cd3243d204cc4b75,__REFERENCE__,cnn_dm,5
46,c0df03212175015b879394c43bd96031d16bce5a,onmt_pg,cnn_dm,6
46,d996be0da10476a01b3019c76e8e21074d3d3585,seneca,cnn_dm,4
46,ca3b2dc93f170f06e3a60fe7cd3243d204cc4b75,BART,cnn_dm,6
46,168d893a015c93c4fd2cdc3ab048a2b351478062,abssentrw,cnn_dm,5
46,8668ab568627814febae951f2f4c93d22c6cac45,seneca,cnn_dm,5
46,ca3b2dc93f170f06e3a60fe7cd3243d204cc4b75,abssentrw,cnn_dm,6
46,8668ab568627814febae951f2f4c93d22c6cac45,abssentrw,cnn_dm,5
46,c0df03212175015b879394c43bd96031d16bce5a,__REFERENCE__,cnn_dm,5
46,168d893a015c93c4fd2cdc3ab048a2b351478062,__REFERENCE__,cnn_dm,5
46,168d893a015c93c4fd2cdc3ab048a2b351478062,onmt_pg,cnn_dm,6
46,c0df03212175015b879394c43bd96031d16bce5a,seneca,cnn_dm,6
46,8668ab568627814febae951f2f4c93d22c6cac45,onmt_pg,cnn_dm,6
46,ca3b2dc93f170f06e3a60fe7cd3243d204cc4b75,seneca,cnn_dm,4
46,ca3b2dc93f170f06e3a60fe7cd3243d204cc4b75,onmt_pg,cnn_dm,6
46,d996be0da10476a01b3019c76e8e21074d3d3585,__REFERENCE__,cnn_dm,5
46,8668ab568627814febae951f2f4c93d22c6cac45,BART,cnn_dm,5
46,c0df03212175015b879394c43bd96031d16bce5a,BART,cnn_dm,5
46,d996be0da10476a01b3019c76e8e21074d3d3585,BART,cnn_dm,6
46,168d893a015c93c4fd2cdc3ab048a2b351478062,seneca,cnn_dm,6
46,d996be0da10476a01b3019c76e8e21074d3d3585,onmt_pg,cnn_dm,5
46,8668ab568627814febae951f2f4c93d22c6cac45,__REFERENCE__,cnn_dm,5
47,7627d9788973785a485e9df3e59002df3a68ad48,seneca,cnn_dm,2
47,60ed760263c8577c407dd008c0d422212af88d98,__REFERENCE__,cnn_dm,4
47,9f270039c861e75ee2f01e4e2898a9ea04a96b26,onmt_pg,cnn_dm,6
47,60ed760263c8577c407dd008c0d422212af88d98,abssentrw,cnn_dm,5
47,62271db1dd48de59c7d9d78bad46220c15828547,BART,cnn_dm,3
47,7627d9788973785a485e9df3e59002df3a68ad48,__REFERENCE__,cnn_dm,5
47,f2be039ea0ca9f4ebbca215a112819c6b5833797,abssentrw,cnn_dm,4
47,60ed760263c8577c407dd008c0d422212af88d98,onmt_pg,cnn_dm,3
47,60ed760263c8577c407dd008c0d422212af88d98,BART,cnn_dm,4
47,9f270039c861e75ee2f01e4e2898a9ea04a96b26,BART,cnn_dm,5
47,62271db1dd48de59c7d9d78bad46220c15828547,onmt_pg,cnn_dm,5
47,f2be039ea0ca9f4ebbca215a112819c6b5833797,onmt_pg,cnn_dm,3
47,f2be039ea0ca9f4ebbca215a112819c6b5833797,seneca,cnn_dm,5
47,9f270039c861e75ee2f01e4e2898a9ea04a96b26,seneca,cnn_dm,1
47,60ed760263c8577c407dd008c0d422212af88d98,seneca,cnn_dm,2
47,9f270039c861e75ee2f01e4e2898a9ea04a96b26,abssentrw,cnn_dm,5
47,f2be039ea0ca9f4ebbca215a112819c6b5833797,BART,cnn_dm,5
47,62271db1dd48de59c7d9d78bad46220c15828547,seneca,cnn_dm,2
47,f2be039ea0ca9f4ebbca215a112819c6b5833797,__REFERENCE__,cnn_dm,4
47,62271db1dd48de59c7d9d78bad46220c15828547,__REFERENCE__,cnn_dm,5
47,7627d9788973785a485e9df3e59002df3a68ad48,abssentrw,cnn_dm,3
47,62271db1dd48de59c7d9d78bad46220c15828547,abssentrw,cnn_dm,5
47,7627d9788973785a485e9df3e59002df3a68ad48,onmt_pg,cnn_dm,3
47,7627d9788973785a485e9df3e59002df3a68ad48,BART,cnn_dm,5
47,9f270039c861e75ee2f01e4e2898a9ea04a96b26,__REFERENCE__,cnn_dm,3
48,69ae7665ded8713de6913d8c76abeedbcb5aab6c,BART,cnn_dm,4
48,cd6f8edd5641c9a3f977d257ec623305edc2a675,seneca,cnn_dm,2
48,83de77cf44df09f5e61322dc32fd25ba621ba867,BART,cnn_dm,4
48,cb5638856f8d116a0285e2a6ea63f3381dc6218e,__REFERENCE__,cnn_dm,2
48,69ae7665ded8713de6913d8c76abeedbcb5aab6c,onmt_pg,cnn_dm,2
48,69ae7665ded8713de6913d8c76abeedbcb5aab6c,abssentrw,cnn_dm,4
48,cd6f8edd5641c9a3f977d257ec623305edc2a675,abssentrw,cnn_dm,4
48,83de77cf44df09f5e61322dc32fd25ba621ba867,abssentrw,cnn_dm,4
48,cd6f8edd5641c9a3f977d257ec623305edc2a675,BART,cnn_dm,4
48,83de77cf44df09f5e61322dc32fd25ba621ba867,onmt_pg,cnn_dm,4
48,b5c1c15b995f5000891e6f3a017328f17dde88ae,onmt_pg,cnn_dm,4
48,69ae7665ded8713de6913d8c76abeedbcb5aab6c,seneca,cnn_dm,2
48,cb5638856f8d116a0285e2a6ea63f3381dc6218e,abssentrw,cnn_dm,4
48,cb5638856f8d116a0285e2a6ea63f3381dc6218e,onmt_pg,cnn_dm,4
48,cb5638856f8d116a0285e2a6ea63f3381dc6218e,seneca,cnn_dm,2
48,83de77cf44df09f5e61322dc32fd25ba621ba867,seneca,cnn_dm,1
48,83de77cf44df09f5e61322dc32fd25ba621ba867,__REFERENCE__,cnn_dm,4
48,69ae7665ded8713de6913d8c76abeedbcb5aab6c,__REFERENCE__,cnn_dm,4
48,b5c1c15b995f5000891e6f3a017328f17dde88ae,BART,cnn_dm,2
48,cb5638856f8d116a0285e2a6ea63f3381dc6218e,BART,cnn_dm,4
48,b5c1c15b995f5000891e6f3a017328f17dde88ae,__REFERENCE__,cnn_dm,3
48,cd6f8edd5641c9a3f977d257ec623305edc2a675,onmt_pg,cnn_dm,3
48,b5c1c15b995f5000891e6f3a017328f17dde88ae,abssentrw,cnn_dm,2
48,cd6f8edd5641c9a3f977d257ec623305edc2a675,__REFERENCE__,cnn_dm,3
48,b5c1c15b995f5000891e6f3a017328f17dde88ae,seneca,cnn_dm,2
49,7c50828d1dd5ebf11762df0b77b2414e01f7357c,seneca,cnn_dm,4
49,225aaa29973d81da6aa481c08fc2355d5a633dd6,__REFERENCE__,cnn_dm,7
49,61e87705e3ec06e193e91b3fceacb486cae3f79f,__REFERENCE__,cnn_dm,5
49,c3b8e6b3cd4b1a87a8e4432c5aa3ed13f33d0e35,onmt_pg,cnn_dm,7
49,fef1c26ec17c2a32dcdba3c37719a4275b286496,BART,cnn_dm,6
49,61e87705e3ec06e193e91b3fceacb486cae3f79f,seneca,cnn_dm,5
49,c3b8e6b3cd4b1a87a8e4432c5aa3ed13f33d0e35,abssentrw,cnn_dm,4
49,61e87705e3ec06e193e91b3fceacb486cae3f79f,abssentrw,cnn_dm,5
49,fef1c26ec17c2a32dcdba3c37719a4275b286496,__REFERENCE__,cnn_dm,2
49,c3b8e6b3cd4b1a87a8e4432c5aa3ed13f33d0e35,seneca,cnn_dm,6
49,225aaa29973d81da6aa481c08fc2355d5a633dd6,onmt_pg,cnn_dm,6
49,61e87705e3ec06e193e91b3fceacb486cae3f79f,BART,cnn_dm,7
49,225aaa29973d81da6aa481c08fc2355d5a633dd6,abssentrw,cnn_dm,4
49,7c50828d1dd5ebf11762df0b77b2414e01f7357c,onmt_pg,cnn_dm,3
49,7c50828d1dd5ebf11762df0b77b2414e01f7357c,BART,cnn_dm,7
49,fef1c26ec17c2a32dcdba3c37719a4275b286496,seneca,cnn_dm,2
49,225aaa29973d81da6aa481c08fc2355d5a633dd6,BART,cnn_dm,7
49,225aaa29973d81da6aa481c08fc2355d5a633dd6,seneca,cnn_dm,5
49,7c50828d1dd5ebf11762df0b77b2414e01f7357c,abssentrw,cnn_dm,6
49,fef1c26ec17c2a32dcdba3c37719a4275b286496,abssentrw,cnn_dm,4
49,c3b8e6b3cd4b1a87a8e4432c5aa3ed13f33d0e35,__REFERENCE__,cnn_dm,5
49,7c50828d1dd5ebf11762df0b77b2414e01f7357c,__REFERENCE__,cnn_dm,3
49,c3b8e6b3cd4b1a87a8e4432c5aa3ed13f33d0e35,BART,cnn_dm,7
49,61e87705e3ec06e193e91b3fceacb486cae3f79f,onmt_pg,cnn_dm,6
49,fef1c26ec17c2a32dcdba3c37719a4275b286496,onmt_pg,cnn_dm,5
50,7c50828d1dd5ebf11762df0b77b2414e01f7357c,seneca,cnn_dm,1
50,225aaa29973d81da6aa481c08fc2355d5a633dd6,__REFERENCE__,cnn_dm,3
50,61e87705e3ec06e193e91b3fceacb486cae3f79f,__REFERENCE__,cnn_dm,4
50,c3b8e6b3cd4b1a87a8e4432c5aa3ed13f33d0e35,onmt_pg,cnn_dm,3
50,fef1c26ec17c2a32dcdba3c37719a4275b286496,BART,cnn_dm,5
50,61e87705e3ec06e193e91b3fceacb486cae3f79f,seneca,cnn_dm,2
50,c3b8e6b3cd4b1a87a8e4432c5aa3ed13f33d0e35,abssentrw,cnn_dm,2
50,61e87705e3ec06e193e91b3fceacb486cae3f79f,abssentrw,cnn_dm,3
50,fef1c26ec17c2a32dcdba3c37719a4275b286496,__REFERENCE__,cnn_dm,2
50,c3b8e6b3cd4b1a87a8e4432c5aa3ed13f33d0e35,seneca,cnn_dm,2
50,225aaa29973d81da6aa481c08fc2355d5a633dd6,onmt_pg,cnn_dm,5
50,61e87705e3ec06e193e91b3fceacb486cae3f79f,BART,cnn_dm,6
50,225aaa29973d81da6aa481c08fc2355d5a633dd6,abssentrw,cnn_dm,3
50,7c50828d1dd5ebf11762df0b77b2414e01f7357c,onmt_pg,cnn_dm,1
50,7c50828d1dd5ebf11762df0b77b2414e01f7357c,BART,cnn_dm,3
50,fef1c26ec17c2a32dcdba3c37719a4275b286496,seneca,cnn_dm,2
50,225aaa29973d81da6aa481c08fc2355d5a633dd6,BART,cnn_dm,6
50,225aaa29973d81da6aa481c08fc2355d5a633dd6,seneca,cnn_dm,3
50,7c50828d1dd5ebf11762df0b77b2414e01f7357c,abssentrw,cnn_dm,2
50,fef1c26ec17c2a32dcdba3c37719a4275b286496,abssentrw,cnn_dm,1
50,c3b8e6b3cd4b1a87a8e4432c5aa3ed13f33d0e35,__REFERENCE__,cnn_dm,2
50,7c50828d1dd5ebf11762df0b77b2414e01f7357c,__REFERENCE__,cnn_dm,4
50,c3b8e6b3cd4b1a87a8e4432c5aa3ed13f33d0e35,BART,cnn_dm,3
50,61e87705e3ec06e193e91b3fceacb486cae3f79f,onmt_pg,cnn_dm,2
50,fef1c26ec17c2a32dcdba3c37719a4275b286496,onmt_pg,cnn_dm,4
51,cb081b7d193ad2ca414abad651d9465427b9a41a,seneca,cnn_dm,5
51,c63a2e8c41da0461bae5c913c23044c8ebaff1a0,BART,cnn_dm,4
51,406e2d8a6b0ced31908a3f747852f316e3700c08,seneca,cnn_dm,6
51,6abf6352c19611cb666d8e294ac39e1908893188,__REFERENCE__,cnn_dm,6
51,cb081b7d193ad2ca414abad651d9465427b9a41a,__REFERENCE__,cnn_dm,4
51,3cc1c54c0b4e95634f7036e0e05ad8c35090eb82,__REFERENCE__,cnn_dm,3
51,6abf6352c19611cb666d8e294ac39e1908893188,seneca,cnn_dm,3
51,3cc1c54c0b4e95634f7036e0e05ad8c35090eb82,BART,cnn_dm,7
51,c63a2e8c41da0461bae5c913c23044c8ebaff1a0,onmt_pg,cnn_dm,6
51,3cc1c54c0b4e95634f7036e0e05ad8c35090eb82,onmt_pg,cnn_dm,5
51,3cc1c54c0b4e95634f7036e0e05ad8c35090eb82,abssentrw,cnn_dm,6
51,406e2d8a6b0ced31908a3f747852f316e3700c08,onmt_pg,cnn_dm,7
51,cb081b7d193ad2ca414abad651d9465427b9a41a,onmt_pg,cnn_dm,7
51,c63a2e8c41da0461bae5c913c23044c8ebaff1a0,seneca,cnn_dm,6
51,c63a2e8c41da0461bae5c913c23044c8ebaff1a0,abssentrw,cnn_dm,7
51,406e2d8a6b0ced31908a3f747852f316e3700c08,BART,cnn_dm,6
51,6abf6352c19611cb666d8e294ac39e1908893188,onmt_pg,cnn_dm,7
51,6abf6352c19611cb666d8e294ac39e1908893188,abssentrw,cnn_dm,5
51,6abf6352c19611cb666d8e294ac39e1908893188,BART,cnn_dm,6
51,3cc1c54c0b4e95634f7036e0e05ad8c35090eb82,seneca,cnn_dm,6
51,406e2d8a6b0ced31908a3f747852f316e3700c08,__REFERENCE__,cnn_dm,3
51,cb081b7d193ad2ca414abad651d9465427b9a41a,abssentrw,cnn_dm,2
51,c63a2e8c41da0461bae5c913c23044c8ebaff1a0,__REFERENCE__,cnn_dm,7
51,406e2d8a6b0ced31908a3f747852f316e3700c08,abssentrw,cnn_dm,6
51,cb081b7d193ad2ca414abad651d9465427b9a41a,BART,cnn_dm,7
52,7627d9788973785a485e9df3e59002df3a68ad48,seneca,cnn_dm,3
52,60ed760263c8577c407dd008c0d422212af88d98,__REFERENCE__,cnn_dm,1
52,60ed760263c8577c407dd008c0d422212af88d98,abssentrw,cnn_dm,5
52,62271db1dd48de59c7d9d78bad46220c15828547,BART,cnn_dm,4
52,9f270039c861e75ee2f01e4e2898a9ea04a96b26,onmt_pg,cnn_dm,5
52,7627d9788973785a485e9df3e59002df3a68ad48,__REFERENCE__,cnn_dm,5
52,f2be039ea0ca9f4ebbca215a112819c6b5833797,abssentrw,cnn_dm,4
52,60ed760263c8577c407dd008c0d422212af88d98,onmt_pg,cnn_dm,4
52,60ed760263c8577c407dd008c0d422212af88d98,BART,cnn_dm,5
52,7627d9788973785a485e9df3e59002df3a68ad48,BART,cnn_dm,5
52,9f270039c861e75ee2f01e4e2898a9ea04a96b26,BART,cnn_dm,5
52,62271db1dd48de59c7d9d78bad46220c15828547,onmt_pg,cnn_dm,6
52,f2be039ea0ca9f4ebbca215a112819c6b5833797,onmt_pg,cnn_dm,5
52,f2be039ea0ca9f4ebbca215a112819c6b5833797,seneca,cnn_dm,3
52,60ed760263c8577c407dd008c0d422212af88d98,seneca,cnn_dm,2
52,9f270039c861e75ee2f01e4e2898a9ea04a96b26,__REFERENCE__,cnn_dm,4
52,9f270039c861e75ee2f01e4e2898a9ea04a96b26,abssentrw,cnn_dm,4
52,9f270039c861e75ee2f01e4e2898a9ea04a96b26,seneca,cnn_dm,3
52,f2be039ea0ca9f4ebbca215a112819c6b5833797,BART,cnn_dm,1
52,62271db1dd48de59c7d9d78bad46220c15828547,seneca,cnn_dm,6
52,f2be039ea0ca9f4ebbca215a112819c6b5833797,__REFERENCE__,cnn_dm,2
52,62271db1dd48de59c7d9d78bad46220c15828547,__REFERENCE__,cnn_dm,1
52,7627d9788973785a485e9df3e59002df3a68ad48,abssentrw,cnn_dm,5
52,62271db1dd48de59c7d9d78bad46220c15828547,abssentrw,cnn_dm,5
52,7627d9788973785a485e9df3e59002df3a68ad48,onmt_pg,cnn_dm,3
53,545c8f27751b46e3f8da1228fa010bccaebb3530,BART,cnn_dm,4
53,e359dddca898e41b9380db6208964201895ad226,BART,cnn_dm,3
53,545c8f27751b46e3f8da1228fa010bccaebb3530,onmt_pg,cnn_dm,2
53,be9b8379c0371294480cf94fa24dcc5bc2c02dfd,onmt_pg,cnn_dm,4
53,2b19de4fe8058015c655bd9cbeabd63ee360944e,__REFERENCE__,cnn_dm,3
53,2b19de4fe8058015c655bd9cbeabd63ee360944e,seneca,cnn_dm,2
53,2b19de4fe8058015c655bd9cbeabd63ee360944e,abssentrw,cnn_dm,4
53,e359dddca898e41b9380db6208964201895ad226,abssentrw,cnn_dm,1
53,be9b8379c0371294480cf94fa24dcc5bc2c02dfd,__REFERENCE__,cnn_dm,2
53,2b19de4fe8058015c655bd9cbeabd63ee360944e,BART,cnn_dm,5
53,e359dddca898e41b9380db6208964201895ad226,__REFERENCE__,cnn_dm,5
53,545c8f27751b46e3f8da1228fa010bccaebb3530,seneca,cnn_dm,2
53,be9b8379c0371294480cf94fa24dcc5bc2c02dfd,seneca,cnn_dm,4
53,9b82719134a6dcdb225fd7e33402d01afc478fd9,abssentrw,cnn_dm,4
53,be9b8379c0371294480cf94fa24dcc5bc2c02dfd,abssentrw,cnn_dm,2
53,e359dddca898e41b9380db6208964201895ad226,onmt_pg,cnn_dm,4
53,9b82719134a6dcdb225fd7e33402d01afc478fd9,BART,cnn_dm,6
53,9b82719134a6dcdb225fd7e33402d01afc478fd9,__REFERENCE__,cnn_dm,5
53,2b19de4fe8058015c655bd9cbeabd63ee360944e,onmt_pg,cnn_dm,6
53,545c8f27751b46e3f8da1228fa010bccaebb3530,__REFERENCE__,cnn_dm,4
53,545c8f27751b46e3f8da1228fa010bccaebb3530,abssentrw,cnn_dm,4
53,9b82719134a6dcdb225fd7e33402d01afc478fd9,onmt_pg,cnn_dm,4
53,e359dddca898e41b9380db6208964201895ad226,seneca,cnn_dm,3
53,9b82719134a6dcdb225fd7e33402d01afc478fd9,seneca,cnn_dm,5
53,be9b8379c0371294480cf94fa24dcc5bc2c02dfd,BART,cnn_dm,4
54,db5fd900b59c7c7ead4ceb6ce55f598b1d7009e8,abssentrw,cnn_dm,4
54,761c33be5c784acc643c89dd8bad9b7945797dc1,__REFERENCE__,cnn_dm,2
54,db5fd900b59c7c7ead4ceb6ce55f598b1d7009e8,__REFERENCE__,cnn_dm,5
54,761c33be5c784acc643c89dd8bad9b7945797dc1,abssentrw,cnn_dm,6
54,7eaceed421cc9ed628e2f1f6e89cb20159b9b7ad,onmt_pg,cnn_dm,5
54,761c33be5c784acc643c89dd8bad9b7945797dc1,seneca,cnn_dm,4
54,7eaceed421cc9ed628e2f1f6e89cb20159b9b7ad,BART,cnn_dm,5
54,bc830788bac6dd33a7960fc68b3afc1e442f4dfe,seneca,cnn_dm,4
54,ef1fbde4aaf6fa48e2df37215a1bec4b1a550859,__REFERENCE__,cnn_dm,2
54,db5fd900b59c7c7ead4ceb6ce55f598b1d7009e8,BART,cnn_dm,5
54,bc830788bac6dd33a7960fc68b3afc1e442f4dfe,abssentrw,cnn_dm,4
54,bc830788bac6dd33a7960fc68b3afc1e442f4dfe,onmt_pg,cnn_dm,6
54,db5fd900b59c7c7ead4ceb6ce55f598b1d7009e8,seneca,cnn_dm,4
54,761c33be5c784acc643c89dd8bad9b7945797dc1,BART,cnn_dm,5
54,ef1fbde4aaf6fa48e2df37215a1bec4b1a550859,seneca,cnn_dm,4
54,ef1fbde4aaf6fa48e2df37215a1bec4b1a550859,BART,cnn_dm,6
54,bc830788bac6dd33a7960fc68b3afc1e442f4dfe,__REFERENCE__,cnn_dm,5
54,ef1fbde4aaf6fa48e2df37215a1bec4b1a550859,onmt_pg,cnn_dm,7
54,db5fd900b59c7c7ead4ceb6ce55f598b1d7009e8,onmt_pg,cnn_dm,6
54,ef1fbde4aaf6fa48e2df37215a1bec4b1a550859,abssentrw,cnn_dm,4
54,7eaceed421cc9ed628e2f1f6e89cb20159b9b7ad,__REFERENCE__,cnn_dm,3
54,7eaceed421cc9ed628e2f1f6e89cb20159b9b7ad,abssentrw,cnn_dm,4
54,bc830788bac6dd33a7960fc68b3afc1e442f4dfe,BART,cnn_dm,6
54,761c33be5c784acc643c89dd8bad9b7945797dc1,onmt_pg,cnn_dm,6
54,7eaceed421cc9ed628e2f1f6e89cb20159b9b7ad,seneca,cnn_dm,4
55,7aa17ec1a451f43187d8f96268e1d452ffcf8272,onmt_pg,cnn_dm,5
55,cb815147e8ba5c0ef70e2e361ebc7ef01566a8f7,BART,cnn_dm,4
55,7aa17ec1a451f43187d8f96268e1d452ffcf8272,abssentrw,cnn_dm,2
55,04e97afcfddc07753d82a3f21fde2a51e6a0e34f,BART,cnn_dm,4
55,3146c14e3a00d9d1d464110fba0dab55f01786e6,seneca,cnn_dm,3
55,04e97afcfddc07753d82a3f21fde2a51e6a0e34f,seneca,cnn_dm,4
55,cb815147e8ba5c0ef70e2e361ebc7ef01566a8f7,abssentrw,cnn_dm,1
55,7aa17ec1a451f43187d8f96268e1d452ffcf8272,BART,cnn_dm,7
55,14cd21ea5f40d302a47ff38395cfcfc5639d5b88,__REFERENCE__,cnn_dm,5
55,14cd21ea5f40d302a47ff38395cfcfc5639d5b88,seneca,cnn_dm,5
55,04e97afcfddc07753d82a3f21fde2a51e6a0e34f,onmt_pg,cnn_dm,4
55,3146c14e3a00d9d1d464110fba0dab55f01786e6,onmt_pg,cnn_dm,1
55,14cd21ea5f40d302a47ff38395cfcfc5639d5b88,abssentrw,cnn_dm,1
55,cb815147e8ba5c0ef70e2e361ebc7ef01566a8f7,seneca,cnn_dm,6
55,3146c14e3a00d9d1d464110fba0dab55f01786e6,BART,cnn_dm,7
55,7aa17ec1a451f43187d8f96268e1d452ffcf8272,__REFERENCE__,cnn_dm,4
55,7aa17ec1a451f43187d8f96268e1d452ffcf8272,seneca,cnn_dm,3
55,3146c14e3a00d9d1d464110fba0dab55f01786e6,abssentrw,cnn_dm,3
55,3146c14e3a00d9d1d464110fba0dab55f01786e6,__REFERENCE__,cnn_dm,6
55,cb815147e8ba5c0ef70e2e361ebc7ef01566a8f7,onmt_pg,cnn_dm,6
55,04e97afcfddc07753d82a3f21fde2a51e6a0e34f,abssentrw,cnn_dm,4
55,14cd21ea5f40d302a47ff38395cfcfc5639d5b88,BART,cnn_dm,3
55,cb815147e8ba5c0ef70e2e361ebc7ef01566a8f7,__REFERENCE__,cnn_dm,2
55,04e97afcfddc07753d82a3f21fde2a51e6a0e34f,__REFERENCE__,cnn_dm,5
55,14cd21ea5f40d302a47ff38395cfcfc5639d5b88,onmt_pg,cnn_dm,7
56,7c50828d1dd5ebf11762df0b77b2414e01f7357c,seneca,cnn_dm,6
56,225aaa29973d81da6aa481c08fc2355d5a633dd6,__REFERENCE__,cnn_dm,5
56,61e87705e3ec06e193e91b3fceacb486cae3f79f,__REFERENCE__,cnn_dm,5
56,c3b8e6b3cd4b1a87a8e4432c5aa3ed13f33d0e35,onmt_pg,cnn_dm,7
56,fef1c26ec17c2a32dcdba3c37719a4275b286496,BART,cnn_dm,7
56,61e87705e3ec06e193e91b3fceacb486cae3f79f,seneca,cnn_dm,7
56,c3b8e6b3cd4b1a87a8e4432c5aa3ed13f33d0e35,abssentrw,cnn_dm,7
56,61e87705e3ec06e193e91b3fceacb486cae3f79f,abssentrw,cnn_dm,7
56,fef1c26ec17c2a32dcdba3c37719a4275b286496,__REFERENCE__,cnn_dm,7
56,c3b8e6b3cd4b1a87a8e4432c5aa3ed13f33d0e35,seneca,cnn_dm,7
56,225aaa29973d81da6aa481c08fc2355d5a633dd6,onmt_pg,cnn_dm,7
56,61e87705e3ec06e193e91b3fceacb486cae3f79f,BART,cnn_dm,7
56,225aaa29973d81da6aa481c08fc2355d5a633dd6,abssentrw,cnn_dm,6
56,7c50828d1dd5ebf11762df0b77b2414e01f7357c,onmt_pg,cnn_dm,7
56,7c50828d1dd5ebf11762df0b77b2414e01f7357c,BART,cnn_dm,7
56,fef1c26ec17c2a32dcdba3c37719a4275b286496,seneca,cnn_dm,6
56,225aaa29973d81da6aa481c08fc2355d5a633dd6,BART,cnn_dm,7
56,225aaa29973d81da6aa481c08fc2355d5a633dd6,seneca,cnn_dm,7
56,7c50828d1dd5ebf11762df0b77b2414e01f7357c,abssentrw,cnn_dm,7
56,fef1c26ec17c2a32dcdba3c37719a4275b286496,abssentrw,cnn_dm,7
56,c3b8e6b3cd4b1a87a8e4432c5aa3ed13f33d0e35,__REFERENCE__,cnn_dm,7
56,7c50828d1dd5ebf11762df0b77b2414e01f7357c,__REFERENCE__,cnn_dm,7
56,c3b8e6b3cd4b1a87a8e4432c5aa3ed13f33d0e35,BART,cnn_dm,7
56,61e87705e3ec06e193e91b3fceacb486cae3f79f,onmt_pg,cnn_dm,7
56,fef1c26ec17c2a32dcdba3c37719a4275b286496,onmt_pg,cnn_dm,7
57,c63a2e8c41da0461bae5c913c23044c8ebaff1a0,BART,cnn_dm,7
57,406e2d8a6b0ced31908a3f747852f316e3700c08,seneca,cnn_dm,6
57,6abf6352c19611cb666d8e294ac39e1908893188,__REFERENCE__,cnn_dm,5
57,cb081b7d193ad2ca414abad651d9465427b9a41a,seneca,cnn_dm,6
57,cb081b7d193ad2ca414abad651d9465427b9a41a,__REFERENCE__,cnn_dm,6
57,3cc1c54c0b4e95634f7036e0e05ad8c35090eb82,__REFERENCE__,cnn_dm,6
57,6abf6352c19611cb666d8e294ac39e1908893188,seneca,cnn_dm,6
57,3cc1c54c0b4e95634f7036e0e05ad8c35090eb82,BART,cnn_dm,7
57,c63a2e8c41da0461bae5c913c23044c8ebaff1a0,onmt_pg,cnn_dm,7
57,3cc1c54c0b4e95634f7036e0e05ad8c35090eb82,onmt_pg,cnn_dm,7
57,3cc1c54c0b4e95634f7036e0e05ad8c35090eb82,abssentrw,cnn_dm,4
57,406e2d8a6b0ced31908a3f747852f316e3700c08,onmt_pg,cnn_dm,7
57,cb081b7d193ad2ca414abad651d9465427b9a41a,onmt_pg,cnn_dm,5
57,c63a2e8c41da0461bae5c913c23044c8ebaff1a0,seneca,cnn_dm,6
57,c63a2e8c41da0461bae5c913c23044c8ebaff1a0,abssentrw,cnn_dm,7
57,406e2d8a6b0ced31908a3f747852f316e3700c08,BART,cnn_dm,7
57,6abf6352c19611cb666d8e294ac39e1908893188,onmt_pg,cnn_dm,4
57,6abf6352c19611cb666d8e294ac39e1908893188,abssentrw,cnn_dm,6
57,6abf6352c19611cb666d8e294ac39e1908893188,BART,cnn_dm,7
57,3cc1c54c0b4e95634f7036e0e05ad8c35090eb82,seneca,cnn_dm,6
57,406e2d8a6b0ced31908a3f747852f316e3700c08,__REFERENCE__,cnn_dm,6
57,cb081b7d193ad2ca414abad651d9465427b9a41a,abssentrw,cnn_dm,6
57,c63a2e8c41da0461bae5c913c23044c8ebaff1a0,__REFERENCE__,cnn_dm,7
57,406e2d8a6b0ced31908a3f747852f316e3700c08,abssentrw,cnn_dm,6
57,cb081b7d193ad2ca414abad651d9465427b9a41a,BART,cnn_dm,7
58,7aa17ec1a451f43187d8f96268e1d452ffcf8272,onmt_pg,cnn_dm,4
58,cb815147e8ba5c0ef70e2e361ebc7ef01566a8f7,BART,cnn_dm,4
58,7aa17ec1a451f43187d8f96268e1d452ffcf8272,abssentrw,cnn_dm,3
58,04e97afcfddc07753d82a3f21fde2a51e6a0e34f,BART,cnn_dm,7
58,3146c14e3a00d9d1d464110fba0dab55f01786e6,seneca,cnn_dm,2
58,04e97afcfddc07753d82a3f21fde2a51e6a0e34f,seneca,cnn_dm,6
58,cb815147e8ba5c0ef70e2e361ebc7ef01566a8f7,abssentrw,cnn_dm,2
58,7aa17ec1a451f43187d8f96268e1d452ffcf8272,BART,cnn_dm,4
58,14cd21ea5f40d302a47ff38395cfcfc5639d5b88,__REFERENCE__,cnn_dm,6
58,14cd21ea5f40d302a47ff38395cfcfc5639d5b88,seneca,cnn_dm,6
58,04e97afcfddc07753d82a3f21fde2a51e6a0e34f,onmt_pg,cnn_dm,6
58,3146c14e3a00d9d1d464110fba0dab55f01786e6,onmt_pg,cnn_dm,6
58,14cd21ea5f40d302a47ff38395cfcfc5639d5b88,abssentrw,cnn_dm,4
58,cb815147e8ba5c0ef70e2e361ebc7ef01566a8f7,seneca,cnn_dm,6
58,3146c14e3a00d9d1d464110fba0dab55f01786e6,BART,cnn_dm,7
58,7aa17ec1a451f43187d8f96268e1d452ffcf8272,__REFERENCE__,cnn_dm,1
58,7aa17ec1a451f43187d8f96268e1d452ffcf8272,seneca,cnn_dm,5
58,3146c14e3a00d9d1d464110fba0dab55f01786e6,abssentrw,cnn_dm,5
58,3146c14e3a00d9d1d464110fba0dab55f01786e6,__REFERENCE__,cnn_dm,6
58,cb815147e8ba5c0ef70e2e361ebc7ef01566a8f7,onmt_pg,cnn_dm,4
58,04e97afcfddc07753d82a3f21fde2a51e6a0e34f,abssentrw,cnn_dm,5
58,14cd21ea5f40d302a47ff38395cfcfc5639d5b88,BART,cnn_dm,6
58,cb815147e8ba5c0ef70e2e361ebc7ef01566a8f7,__REFERENCE__,cnn_dm,3
58,04e97afcfddc07753d82a3f21fde2a51e6a0e34f,__REFERENCE__,cnn_dm,4
58,14cd21ea5f40d302a47ff38395cfcfc5639d5b88,onmt_pg,cnn_dm,5
59,69ae7665ded8713de6913d8c76abeedbcb5aab6c,BART,cnn_dm,7
59,cd6f8edd5641c9a3f977d257ec623305edc2a675,seneca,cnn_dm,1
59,83de77cf44df09f5e61322dc32fd25ba621ba867,BART,cnn_dm,4
59,cb5638856f8d116a0285e2a6ea63f3381dc6218e,__REFERENCE__,cnn_dm,4
59,69ae7665ded8713de6913d8c76abeedbcb5aab6c,onmt_pg,cnn_dm,7
59,69ae7665ded8713de6913d8c76abeedbcb5aab6c,abssentrw,cnn_dm,6
59,cd6f8edd5641c9a3f977d257ec623305edc2a675,abssentrw,cnn_dm,7
59,83de77cf44df09f5e61322dc32fd25ba621ba867,abssentrw,cnn_dm,5
59,cd6f8edd5641c9a3f977d257ec623305edc2a675,BART,cnn_dm,5
59,83de77cf44df09f5e61322dc32fd25ba621ba867,onmt_pg,cnn_dm,7
59,b5c1c15b995f5000891e6f3a017328f17dde88ae,onmt_pg,cnn_dm,6
59,69ae7665ded8713de6913d8c76abeedbcb5aab6c,seneca,cnn_dm,5
59,cb5638856f8d116a0285e2a6ea63f3381dc6218e,abssentrw,cnn_dm,6
59,cb5638856f8d116a0285e2a6ea63f3381dc6218e,onmt_pg,cnn_dm,5
59,cb5638856f8d116a0285e2a6ea63f3381dc6218e,seneca,cnn_dm,6
59,83de77cf44df09f5e61322dc32fd25ba621ba867,seneca,cnn_dm,6
59,83de77cf44df09f5e61322dc32fd25ba621ba867,__REFERENCE__,cnn_dm,7
59,69ae7665ded8713de6913d8c76abeedbcb5aab6c,__REFERENCE__,cnn_dm,5
59,b5c1c15b995f5000891e6f3a017328f17dde88ae,BART,cnn_dm,7
59,cb5638856f8d116a0285e2a6ea63f3381dc6218e,BART,cnn_dm,7
59,b5c1c15b995f5000891e6f3a017328f17dde88ae,__REFERENCE__,cnn_dm,6
59,cd6f8edd5641c9a3f977d257ec623305edc2a675,onmt_pg,cnn_dm,7
59,b5c1c15b995f5000891e6f3a017328f17dde88ae,abssentrw,cnn_dm,6
59,cd6f8edd5641c9a3f977d257ec623305edc2a675,__REFERENCE__,cnn_dm,6
59,b5c1c15b995f5000891e6f3a017328f17dde88ae,seneca,cnn_dm,6
