annotator,document,system,corpus,rank
180,04310ac4c80c9a47db827a195de8f981eb81f4f9,__REFERENCE__,cnn_dm,3
180,04310ac4c80c9a47db827a195de8f981eb81f4f9,BART,cnn_dm,0
180,04310ac4c80c9a47db827a195de8f981eb81f4f9,abssentrw,cnn_dm,1
180,04310ac4c80c9a47db827a195de8f981eb81f4f9,seneca,cnn_dm,2
180,04310ac4c80c9a47db827a195de8f981eb81f4f9,onmt_pg,cnn_dm,4
180,4487bcbdc4ea093a895809289d301c9b4cf1cfb7,seneca,cnn_dm,4
180,4487bcbdc4ea093a895809289d301c9b4cf1cfb7,BART,cnn_dm,2
180,4487bcbdc4ea093a895809289d301c9b4cf1cfb7,abssentrw,cnn_dm,3
180,4487bcbdc4ea093a895809289d301c9b4cf1cfb7,__REFERENCE__,cnn_dm,1
180,4487bcbdc4ea093a895809289d301c9b4cf1cfb7,onmt_pg,cnn_dm,0
180,1b884cf6cb5180ea2143142d0a0b30f352865bd9,onmt_pg,cnn_dm,2
180,1b884cf6cb5180ea2143142d0a0b30f352865bd9,__REFERENCE__,cnn_dm,0
180,1b884cf6cb5180ea2143142d0a0b30f352865bd9,seneca,cnn_dm,3
180,1b884cf6cb5180ea2143142d0a0b30f352865bd9,abssentrw,cnn_dm,1
180,1b884cf6cb5180ea2143142d0a0b30f352865bd9,BART,cnn_dm,4
180,7b6e1b6411c267b63accbf07a6eb9ff20ee866e3,seneca,cnn_dm,1
180,7b6e1b6411c267b63accbf07a6eb9ff20ee866e3,__REFERENCE__,cnn_dm,2
180,7b6e1b6411c267b63accbf07a6eb9ff20ee866e3,abssentrw,cnn_dm,4
180,7b6e1b6411c267b63accbf07a6eb9ff20ee866e3,onmt_pg,cnn_dm,0
180,7b6e1b6411c267b63accbf07a6eb9ff20ee866e3,BART,cnn_dm,3
180,d77d530c45661f617857a99a49b9c90d2c1ce1d8,seneca,cnn_dm,0
180,d77d530c45661f617857a99a49b9c90d2c1ce1d8,abssentrw,cnn_dm,2
180,d77d530c45661f617857a99a49b9c90d2c1ce1d8,BART,cnn_dm,3
180,d77d530c45661f617857a99a49b9c90d2c1ce1d8,onmt_pg,cnn_dm,1
180,d77d530c45661f617857a99a49b9c90d2c1ce1d8,__REFERENCE__,cnn_dm,4
181,484b88f32a6422b318e7d5cd25809082579485b9,onmt_pg,cnn_dm,0
181,484b88f32a6422b318e7d5cd25809082579485b9,__REFERENCE__,cnn_dm,1
181,484b88f32a6422b318e7d5cd25809082579485b9,abssentrw,cnn_dm,3
181,484b88f32a6422b318e7d5cd25809082579485b9,seneca,cnn_dm,4
181,484b88f32a6422b318e7d5cd25809082579485b9,BART,cnn_dm,2
181,71a6c5b02c23ff85c97d594659426c1dcbb2c0b4,abssentrw,cnn_dm,4
181,71a6c5b02c23ff85c97d594659426c1dcbb2c0b4,onmt_pg,cnn_dm,1
181,71a6c5b02c23ff85c97d594659426c1dcbb2c0b4,BART,cnn_dm,0
181,71a6c5b02c23ff85c97d594659426c1dcbb2c0b4,__REFERENCE__,cnn_dm,2
181,71a6c5b02c23ff85c97d594659426c1dcbb2c0b4,seneca,cnn_dm,3
181,a396e698f80b68e0392dfa6d66ce0731940375f3,seneca,cnn_dm,3
181,a396e698f80b68e0392dfa6d66ce0731940375f3,__REFERENCE__,cnn_dm,0
181,a396e698f80b68e0392dfa6d66ce0731940375f3,onmt_pg,cnn_dm,1
181,a396e698f80b68e0392dfa6d66ce0731940375f3,BART,cnn_dm,2
181,a396e698f80b68e0392dfa6d66ce0731940375f3,abssentrw,cnn_dm,4
181,6ef2edc93a597248336109a8d24e997ad2156ea3,seneca,cnn_dm,3
181,6ef2edc93a597248336109a8d24e997ad2156ea3,__REFERENCE__,cnn_dm,2
181,6ef2edc93a597248336109a8d24e997ad2156ea3,onmt_pg,cnn_dm,0
181,6ef2edc93a597248336109a8d24e997ad2156ea3,abssentrw,cnn_dm,4
181,6ef2edc93a597248336109a8d24e997ad2156ea3,BART,cnn_dm,1
181,5fba9d52dbfba81deef1fa9555a5bcb96f84e49b,__REFERENCE__,cnn_dm,0
181,5fba9d52dbfba81deef1fa9555a5bcb96f84e49b,abssentrw,cnn_dm,1
181,5fba9d52dbfba81deef1fa9555a5bcb96f84e49b,BART,cnn_dm,3
181,5fba9d52dbfba81deef1fa9555a5bcb96f84e49b,onmt_pg,cnn_dm,2
181,5fba9d52dbfba81deef1fa9555a5bcb96f84e49b,seneca,cnn_dm,4
182,484b88f32a6422b318e7d5cd25809082579485b9,onmt_pg,cnn_dm,0
182,484b88f32a6422b318e7d5cd25809082579485b9,__REFERENCE__,cnn_dm,1
182,484b88f32a6422b318e7d5cd25809082579485b9,abssentrw,cnn_dm,2
182,484b88f32a6422b318e7d5cd25809082579485b9,seneca,cnn_dm,4
182,484b88f32a6422b318e7d5cd25809082579485b9,BART,cnn_dm,3
182,71a6c5b02c23ff85c97d594659426c1dcbb2c0b4,abssentrw,cnn_dm,4
182,71a6c5b02c23ff85c97d594659426c1dcbb2c0b4,onmt_pg,cnn_dm,3
182,71a6c5b02c23ff85c97d594659426c1dcbb2c0b4,BART,cnn_dm,0
182,71a6c5b02c23ff85c97d594659426c1dcbb2c0b4,__REFERENCE__,cnn_dm,1
182,71a6c5b02c23ff85c97d594659426c1dcbb2c0b4,seneca,cnn_dm,2
182,a396e698f80b68e0392dfa6d66ce0731940375f3,seneca,cnn_dm,4
182,a396e698f80b68e0392dfa6d66ce0731940375f3,__REFERENCE__,cnn_dm,0
182,a396e698f80b68e0392dfa6d66ce0731940375f3,onmt_pg,cnn_dm,3
182,a396e698f80b68e0392dfa6d66ce0731940375f3,BART,cnn_dm,1
182,a396e698f80b68e0392dfa6d66ce0731940375f3,abssentrw,cnn_dm,2
182,6ef2edc93a597248336109a8d24e997ad2156ea3,seneca,cnn_dm,1
182,6ef2edc93a597248336109a8d24e997ad2156ea3,__REFERENCE__,cnn_dm,0
182,6ef2edc93a597248336109a8d24e997ad2156ea3,onmt_pg,cnn_dm,4
182,6ef2edc93a597248336109a8d24e997ad2156ea3,abssentrw,cnn_dm,3
182,6ef2edc93a597248336109a8d24e997ad2156ea3,BART,cnn_dm,2
182,5fba9d52dbfba81deef1fa9555a5bcb96f84e49b,__REFERENCE__,cnn_dm,0
182,5fba9d52dbfba81deef1fa9555a5bcb96f84e49b,abssentrw,cnn_dm,2
182,5fba9d52dbfba81deef1fa9555a5bcb96f84e49b,BART,cnn_dm,4
182,5fba9d52dbfba81deef1fa9555a5bcb96f84e49b,onmt_pg,cnn_dm,1
182,5fba9d52dbfba81deef1fa9555a5bcb96f84e49b,seneca,cnn_dm,3
183,484b88f32a6422b318e7d5cd25809082579485b9,onmt_pg,cnn_dm,3
183,484b88f32a6422b318e7d5cd25809082579485b9,__REFERENCE__,cnn_dm,1
183,484b88f32a6422b318e7d5cd25809082579485b9,abssentrw,cnn_dm,0
183,484b88f32a6422b318e7d5cd25809082579485b9,seneca,cnn_dm,4
183,484b88f32a6422b318e7d5cd25809082579485b9,BART,cnn_dm,2
183,71a6c5b02c23ff85c97d594659426c1dcbb2c0b4,abssentrw,cnn_dm,4
183,71a6c5b02c23ff85c97d594659426c1dcbb2c0b4,onmt_pg,cnn_dm,3
183,71a6c5b02c23ff85c97d594659426c1dcbb2c0b4,BART,cnn_dm,2
183,71a6c5b02c23ff85c97d594659426c1dcbb2c0b4,__REFERENCE__,cnn_dm,0
183,71a6c5b02c23ff85c97d594659426c1dcbb2c0b4,seneca,cnn_dm,1
183,a396e698f80b68e0392dfa6d66ce0731940375f3,seneca,cnn_dm,3
183,a396e698f80b68e0392dfa6d66ce0731940375f3,__REFERENCE__,cnn_dm,0
183,a396e698f80b68e0392dfa6d66ce0731940375f3,onmt_pg,cnn_dm,1
183,a396e698f80b68e0392dfa6d66ce0731940375f3,BART,cnn_dm,2
183,a396e698f80b68e0392dfa6d66ce0731940375f3,abssentrw,cnn_dm,4
183,6ef2edc93a597248336109a8d24e997ad2156ea3,seneca,cnn_dm,4
183,6ef2edc93a597248336109a8d24e997ad2156ea3,__REFERENCE__,cnn_dm,1
183,6ef2edc93a597248336109a8d24e997ad2156ea3,onmt_pg,cnn_dm,0
183,6ef2edc93a597248336109a8d24e997ad2156ea3,abssentrw,cnn_dm,3
183,6ef2edc93a597248336109a8d24e997ad2156ea3,BART,cnn_dm,2
183,5fba9d52dbfba81deef1fa9555a5bcb96f84e49b,__REFERENCE__,cnn_dm,0
183,5fba9d52dbfba81deef1fa9555a5bcb96f84e49b,abssentrw,cnn_dm,4
183,5fba9d52dbfba81deef1fa9555a5bcb96f84e49b,BART,cnn_dm,3
183,5fba9d52dbfba81deef1fa9555a5bcb96f84e49b,onmt_pg,cnn_dm,2
183,5fba9d52dbfba81deef1fa9555a5bcb96f84e49b,seneca,cnn_dm,1
184,761c33be5c784acc643c89dd8bad9b7945797dc1,seneca,cnn_dm,0
184,761c33be5c784acc643c89dd8bad9b7945797dc1,BART,cnn_dm,1
184,761c33be5c784acc643c89dd8bad9b7945797dc1,onmt_pg,cnn_dm,4
184,761c33be5c784acc643c89dd8bad9b7945797dc1,__REFERENCE__,cnn_dm,2
184,761c33be5c784acc643c89dd8bad9b7945797dc1,abssentrw,cnn_dm,3
184,db5fd900b59c7c7ead4ceb6ce55f598b1d7009e8,onmt_pg,cnn_dm,0
184,db5fd900b59c7c7ead4ceb6ce55f598b1d7009e8,BART,cnn_dm,4
184,db5fd900b59c7c7ead4ceb6ce55f598b1d7009e8,seneca,cnn_dm,1
184,db5fd900b59c7c7ead4ceb6ce55f598b1d7009e8,abssentrw,cnn_dm,3
184,db5fd900b59c7c7ead4ceb6ce55f598b1d7009e8,__REFERENCE__,cnn_dm,2
184,7eaceed421cc9ed628e2f1f6e89cb20159b9b7ad,__REFERENCE__,cnn_dm,0
184,7eaceed421cc9ed628e2f1f6e89cb20159b9b7ad,onmt_pg,cnn_dm,3
184,7eaceed421cc9ed628e2f1f6e89cb20159b9b7ad,seneca,cnn_dm,1
184,7eaceed421cc9ed628e2f1f6e89cb20159b9b7ad,BART,cnn_dm,4
184,7eaceed421cc9ed628e2f1f6e89cb20159b9b7ad,abssentrw,cnn_dm,2
184,bc830788bac6dd33a7960fc68b3afc1e442f4dfe,abssentrw,cnn_dm,2
184,bc830788bac6dd33a7960fc68b3afc1e442f4dfe,BART,cnn_dm,3
184,bc830788bac6dd33a7960fc68b3afc1e442f4dfe,__REFERENCE__,cnn_dm,0
184,bc830788bac6dd33a7960fc68b3afc1e442f4dfe,seneca,cnn_dm,1
184,bc830788bac6dd33a7960fc68b3afc1e442f4dfe,onmt_pg,cnn_dm,4
184,ef1fbde4aaf6fa48e2df37215a1bec4b1a550859,__REFERENCE__,cnn_dm,4
184,ef1fbde4aaf6fa48e2df37215a1bec4b1a550859,BART,cnn_dm,0
184,ef1fbde4aaf6fa48e2df37215a1bec4b1a550859,abssentrw,cnn_dm,3
184,ef1fbde4aaf6fa48e2df37215a1bec4b1a550859,onmt_pg,cnn_dm,1
184,ef1fbde4aaf6fa48e2df37215a1bec4b1a550859,seneca,cnn_dm,2
185,761c33be5c784acc643c89dd8bad9b7945797dc1,seneca,cnn_dm,3
185,761c33be5c784acc643c89dd8bad9b7945797dc1,BART,cnn_dm,0
185,761c33be5c784acc643c89dd8bad9b7945797dc1,onmt_pg,cnn_dm,1
185,761c33be5c784acc643c89dd8bad9b7945797dc1,__REFERENCE__,cnn_dm,2
185,761c33be5c784acc643c89dd8bad9b7945797dc1,abssentrw,cnn_dm,4
185,db5fd900b59c7c7ead4ceb6ce55f598b1d7009e8,onmt_pg,cnn_dm,2
185,db5fd900b59c7c7ead4ceb6ce55f598b1d7009e8,BART,cnn_dm,4
185,db5fd900b59c7c7ead4ceb6ce55f598b1d7009e8,seneca,cnn_dm,3
185,db5fd900b59c7c7ead4ceb6ce55f598b1d7009e8,abssentrw,cnn_dm,0
185,db5fd900b59c7c7ead4ceb6ce55f598b1d7009e8,__REFERENCE__,cnn_dm,1
185,7eaceed421cc9ed628e2f1f6e89cb20159b9b7ad,__REFERENCE__,cnn_dm,0
185,7eaceed421cc9ed628e2f1f6e89cb20159b9b7ad,onmt_pg,cnn_dm,1
185,7eaceed421cc9ed628e2f1f6e89cb20159b9b7ad,seneca,cnn_dm,3
185,7eaceed421cc9ed628e2f1f6e89cb20159b9b7ad,BART,cnn_dm,2
185,7eaceed421cc9ed628e2f1f6e89cb20159b9b7ad,abssentrw,cnn_dm,4
185,bc830788bac6dd33a7960fc68b3afc1e442f4dfe,abssentrw,cnn_dm,4
185,bc830788bac6dd33a7960fc68b3afc1e442f4dfe,BART,cnn_dm,3
185,bc830788bac6dd33a7960fc68b3afc1e442f4dfe,__REFERENCE__,cnn_dm,0
185,bc830788bac6dd33a7960fc68b3afc1e442f4dfe,seneca,cnn_dm,1
185,bc830788bac6dd33a7960fc68b3afc1e442f4dfe,onmt_pg,cnn_dm,2
185,ef1fbde4aaf6fa48e2df37215a1bec4b1a550859,__REFERENCE__,cnn_dm,1
185,ef1fbde4aaf6fa48e2df37215a1bec4b1a550859,BART,cnn_dm,2
185,ef1fbde4aaf6fa48e2df37215a1bec4b1a550859,abssentrw,cnn_dm,3
185,ef1fbde4aaf6fa48e2df37215a1bec4b1a550859,onmt_pg,cnn_dm,0
185,ef1fbde4aaf6fa48e2df37215a1bec4b1a550859,seneca,cnn_dm,4
186,36f01a847d3e6788e3915f3ed13d56a50acec512,BART,cnn_dm,0
186,36f01a847d3e6788e3915f3ed13d56a50acec512,__REFERENCE__,cnn_dm,1
186,36f01a847d3e6788e3915f3ed13d56a50acec512,onmt_pg,cnn_dm,2
186,36f01a847d3e6788e3915f3ed13d56a50acec512,seneca,cnn_dm,3
186,36f01a847d3e6788e3915f3ed13d56a50acec512,abssentrw,cnn_dm,4
186,5c5dcff9554a8b198c76a8bde0ac0e6cf2c4953e,abssentrw,cnn_dm,3
186,5c5dcff9554a8b198c76a8bde0ac0e6cf2c4953e,BART,cnn_dm,2
186,5c5dcff9554a8b198c76a8bde0ac0e6cf2c4953e,seneca,cnn_dm,4
186,5c5dcff9554a8b198c76a8bde0ac0e6cf2c4953e,onmt_pg,cnn_dm,0
186,5c5dcff9554a8b198c76a8bde0ac0e6cf2c4953e,__REFERENCE__,cnn_dm,1
186,be7a6a3aab2d56c21f004748f2624c291a75f544,BART,cnn_dm,3
186,be7a6a3aab2d56c21f004748f2624c291a75f544,__REFERENCE__,cnn_dm,0
186,be7a6a3aab2d56c21f004748f2624c291a75f544,onmt_pg,cnn_dm,2
186,be7a6a3aab2d56c21f004748f2624c291a75f544,abssentrw,cnn_dm,4
186,be7a6a3aab2d56c21f004748f2624c291a75f544,seneca,cnn_dm,1
186,f94f37a25ddcdaf66182eb7a02a7c690b7e8e392,seneca,cnn_dm,3
186,f94f37a25ddcdaf66182eb7a02a7c690b7e8e392,BART,cnn_dm,4
186,f94f37a25ddcdaf66182eb7a02a7c690b7e8e392,onmt_pg,cnn_dm,1
186,f94f37a25ddcdaf66182eb7a02a7c690b7e8e392,abssentrw,cnn_dm,2
186,f94f37a25ddcdaf66182eb7a02a7c690b7e8e392,__REFERENCE__,cnn_dm,0
186,bde8e22f3e1c3af2ca0f09f734f33d67140ef1aa,seneca,cnn_dm,3
186,bde8e22f3e1c3af2ca0f09f734f33d67140ef1aa,__REFERENCE__,cnn_dm,1
186,bde8e22f3e1c3af2ca0f09f734f33d67140ef1aa,BART,cnn_dm,4
186,bde8e22f3e1c3af2ca0f09f734f33d67140ef1aa,abssentrw,cnn_dm,0
186,bde8e22f3e1c3af2ca0f09f734f33d67140ef1aa,onmt_pg,cnn_dm,2
187,50e6a46711b64f333ddd3ce529097fa553c3913c,seneca,cnn_dm,3
187,50e6a46711b64f333ddd3ce529097fa553c3913c,onmt_pg,cnn_dm,1
187,50e6a46711b64f333ddd3ce529097fa553c3913c,BART,cnn_dm,0
187,50e6a46711b64f333ddd3ce529097fa553c3913c,abssentrw,cnn_dm,4
187,50e6a46711b64f333ddd3ce529097fa553c3913c,__REFERENCE__,cnn_dm,2
187,e2706dce6cf26bc61b082438188fdb6e130d9e40,onmt_pg,cnn_dm,4
187,e2706dce6cf26bc61b082438188fdb6e130d9e40,BART,cnn_dm,0
187,e2706dce6cf26bc61b082438188fdb6e130d9e40,abssentrw,cnn_dm,1
187,e2706dce6cf26bc61b082438188fdb6e130d9e40,seneca,cnn_dm,3
187,e2706dce6cf26bc61b082438188fdb6e130d9e40,__REFERENCE__,cnn_dm,2
187,7df3e37c8613fd20fb6791aed1b2b31b4ac7a522,abssentrw,cnn_dm,0
187,7df3e37c8613fd20fb6791aed1b2b31b4ac7a522,onmt_pg,cnn_dm,1
187,7df3e37c8613fd20fb6791aed1b2b31b4ac7a522,__REFERENCE__,cnn_dm,4
187,7df3e37c8613fd20fb6791aed1b2b31b4ac7a522,seneca,cnn_dm,2
187,7df3e37c8613fd20fb6791aed1b2b31b4ac7a522,BART,cnn_dm,3
187,6b3e5879caae91fdca5075479b2aea2259c991c4,abssentrw,cnn_dm,1
187,6b3e5879caae91fdca5075479b2aea2259c991c4,BART,cnn_dm,0
187,6b3e5879caae91fdca5075479b2aea2259c991c4,seneca,cnn_dm,2
187,6b3e5879caae91fdca5075479b2aea2259c991c4,onmt_pg,cnn_dm,3
187,6b3e5879caae91fdca5075479b2aea2259c991c4,__REFERENCE__,cnn_dm,4
187,faf5a752ae42c7e325f93cebef744e02338a9a0c,onmt_pg,cnn_dm,4
187,faf5a752ae42c7e325f93cebef744e02338a9a0c,abssentrw,cnn_dm,2
187,faf5a752ae42c7e325f93cebef744e02338a9a0c,BART,cnn_dm,0
187,faf5a752ae42c7e325f93cebef744e02338a9a0c,seneca,cnn_dm,1
187,faf5a752ae42c7e325f93cebef744e02338a9a0c,__REFERENCE__,cnn_dm,3
188,04310ac4c80c9a47db827a195de8f981eb81f4f9,__REFERENCE__,cnn_dm,3
188,04310ac4c80c9a47db827a195de8f981eb81f4f9,BART,cnn_dm,0
188,04310ac4c80c9a47db827a195de8f981eb81f4f9,abssentrw,cnn_dm,1
188,04310ac4c80c9a47db827a195de8f981eb81f4f9,seneca,cnn_dm,2
188,04310ac4c80c9a47db827a195de8f981eb81f4f9,onmt_pg,cnn_dm,4
188,4487bcbdc4ea093a895809289d301c9b4cf1cfb7,seneca,cnn_dm,3
188,4487bcbdc4ea093a895809289d301c9b4cf1cfb7,BART,cnn_dm,0
188,4487bcbdc4ea093a895809289d301c9b4cf1cfb7,abssentrw,cnn_dm,1
188,4487bcbdc4ea093a895809289d301c9b4cf1cfb7,__REFERENCE__,cnn_dm,4
188,4487bcbdc4ea093a895809289d301c9b4cf1cfb7,onmt_pg,cnn_dm,2
188,1b884cf6cb5180ea2143142d0a0b30f352865bd9,onmt_pg,cnn_dm,1
188,1b884cf6cb5180ea2143142d0a0b30f352865bd9,__REFERENCE__,cnn_dm,0
188,1b884cf6cb5180ea2143142d0a0b30f352865bd9,seneca,cnn_dm,2
188,1b884cf6cb5180ea2143142d0a0b30f352865bd9,abssentrw,cnn_dm,4
188,1b884cf6cb5180ea2143142d0a0b30f352865bd9,BART,cnn_dm,3
188,7b6e1b6411c267b63accbf07a6eb9ff20ee866e3,seneca,cnn_dm,4
188,7b6e1b6411c267b63accbf07a6eb9ff20ee866e3,__REFERENCE__,cnn_dm,1
188,7b6e1b6411c267b63accbf07a6eb9ff20ee866e3,abssentrw,cnn_dm,3
188,7b6e1b6411c267b63accbf07a6eb9ff20ee866e3,onmt_pg,cnn_dm,2
188,7b6e1b6411c267b63accbf07a6eb9ff20ee866e3,BART,cnn_dm,0
188,d77d530c45661f617857a99a49b9c90d2c1ce1d8,seneca,cnn_dm,3
188,d77d530c45661f617857a99a49b9c90d2c1ce1d8,abssentrw,cnn_dm,2
188,d77d530c45661f617857a99a49b9c90d2c1ce1d8,BART,cnn_dm,4
188,d77d530c45661f617857a99a49b9c90d2c1ce1d8,onmt_pg,cnn_dm,0
188,d77d530c45661f617857a99a49b9c90d2c1ce1d8,__REFERENCE__,cnn_dm,1
189,7c50828d1dd5ebf11762df0b77b2414e01f7357c,BART,cnn_dm,1
189,7c50828d1dd5ebf11762df0b77b2414e01f7357c,abssentrw,cnn_dm,3
189,7c50828d1dd5ebf11762df0b77b2414e01f7357c,onmt_pg,cnn_dm,2
189,7c50828d1dd5ebf11762df0b77b2414e01f7357c,__REFERENCE__,cnn_dm,0
189,7c50828d1dd5ebf11762df0b77b2414e01f7357c,seneca,cnn_dm,4
189,225aaa29973d81da6aa481c08fc2355d5a633dd6,abssentrw,cnn_dm,2
189,225aaa29973d81da6aa481c08fc2355d5a633dd6,__REFERENCE__,cnn_dm,1
189,225aaa29973d81da6aa481c08fc2355d5a633dd6,BART,cnn_dm,3
189,225aaa29973d81da6aa481c08fc2355d5a633dd6,seneca,cnn_dm,4
189,225aaa29973d81da6aa481c08fc2355d5a633dd6,onmt_pg,cnn_dm,0
189,fef1c26ec17c2a32dcdba3c37719a4275b286496,BART,cnn_dm,0
189,fef1c26ec17c2a32dcdba3c37719a4275b286496,abssentrw,cnn_dm,3
189,fef1c26ec17c2a32dcdba3c37719a4275b286496,onmt_pg,cnn_dm,1
189,fef1c26ec17c2a32dcdba3c37719a4275b286496,__REFERENCE__,cnn_dm,2
189,fef1c26ec17c2a32dcdba3c37719a4275b286496,seneca,cnn_dm,4
189,61e87705e3ec06e193e91b3fceacb486cae3f79f,seneca,cnn_dm,4
189,61e87705e3ec06e193e91b3fceacb486cae3f79f,abssentrw,cnn_dm,2
189,61e87705e3ec06e193e91b3fceacb486cae3f79f,onmt_pg,cnn_dm,1
189,61e87705e3ec06e193e91b3fceacb486cae3f79f,BART,cnn_dm,0
189,61e87705e3ec06e193e91b3fceacb486cae3f79f,__REFERENCE__,cnn_dm,3
189,c3b8e6b3cd4b1a87a8e4432c5aa3ed13f33d0e35,BART,cnn_dm,0
189,c3b8e6b3cd4b1a87a8e4432c5aa3ed13f33d0e35,__REFERENCE__,cnn_dm,3
189,c3b8e6b3cd4b1a87a8e4432c5aa3ed13f33d0e35,seneca,cnn_dm,1
189,c3b8e6b3cd4b1a87a8e4432c5aa3ed13f33d0e35,onmt_pg,cnn_dm,2
189,c3b8e6b3cd4b1a87a8e4432c5aa3ed13f33d0e35,abssentrw,cnn_dm,4
190,d4f93ae8f0c0cc9ae690e3a2bc0d562c19625731,seneca,cnn_dm,1
190,d4f93ae8f0c0cc9ae690e3a2bc0d562c19625731,BART,cnn_dm,0
190,d4f93ae8f0c0cc9ae690e3a2bc0d562c19625731,__REFERENCE__,cnn_dm,3
190,d4f93ae8f0c0cc9ae690e3a2bc0d562c19625731,onmt_pg,cnn_dm,2
190,d4f93ae8f0c0cc9ae690e3a2bc0d562c19625731,abssentrw,cnn_dm,4
190,224bc9d81026785f629f3449102187f7261b1991,seneca,cnn_dm,2
190,224bc9d81026785f629f3449102187f7261b1991,BART,cnn_dm,0
190,224bc9d81026785f629f3449102187f7261b1991,onmt_pg,cnn_dm,3
190,224bc9d81026785f629f3449102187f7261b1991,__REFERENCE__,cnn_dm,1
190,224bc9d81026785f629f3449102187f7261b1991,abssentrw,cnn_dm,4
190,8d71eb8e9c4e2d371aa2ec68bb2e8ba4d1791bdd,abssentrw,cnn_dm,4
190,8d71eb8e9c4e2d371aa2ec68bb2e8ba4d1791bdd,BART,cnn_dm,0
190,8d71eb8e9c4e2d371aa2ec68bb2e8ba4d1791bdd,__REFERENCE__,cnn_dm,2
190,8d71eb8e9c4e2d371aa2ec68bb2e8ba4d1791bdd,onmt_pg,cnn_dm,3
190,8d71eb8e9c4e2d371aa2ec68bb2e8ba4d1791bdd,seneca,cnn_dm,1
190,5557ae963e317b3bbb1f8538d6d0ef39a1987198,abssentrw,cnn_dm,0
190,5557ae963e317b3bbb1f8538d6d0ef39a1987198,BART,cnn_dm,1
190,5557ae963e317b3bbb1f8538d6d0ef39a1987198,__REFERENCE__,cnn_dm,2
190,5557ae963e317b3bbb1f8538d6d0ef39a1987198,seneca,cnn_dm,4
190,5557ae963e317b3bbb1f8538d6d0ef39a1987198,onmt_pg,cnn_dm,3
190,7173f3bec6cf4956e8db0343a20d89e36030fae6,BART,cnn_dm,1
190,7173f3bec6cf4956e8db0343a20d89e36030fae6,onmt_pg,cnn_dm,3
190,7173f3bec6cf4956e8db0343a20d89e36030fae6,abssentrw,cnn_dm,2
190,7173f3bec6cf4956e8db0343a20d89e36030fae6,__REFERENCE__,cnn_dm,4
190,7173f3bec6cf4956e8db0343a20d89e36030fae6,seneca,cnn_dm,0
191,7627d9788973785a485e9df3e59002df3a68ad48,onmt_pg,cnn_dm,4
191,7627d9788973785a485e9df3e59002df3a68ad48,abssentrw,cnn_dm,0
191,7627d9788973785a485e9df3e59002df3a68ad48,__REFERENCE__,cnn_dm,1
191,7627d9788973785a485e9df3e59002df3a68ad48,BART,cnn_dm,3
191,7627d9788973785a485e9df3e59002df3a68ad48,seneca,cnn_dm,2
191,60ed760263c8577c407dd008c0d422212af88d98,seneca,cnn_dm,0
191,60ed760263c8577c407dd008c0d422212af88d98,BART,cnn_dm,1
191,60ed760263c8577c407dd008c0d422212af88d98,onmt_pg,cnn_dm,3
191,60ed760263c8577c407dd008c0d422212af88d98,abssentrw,cnn_dm,4
191,60ed760263c8577c407dd008c0d422212af88d98,__REFERENCE__,cnn_dm,2
191,9f270039c861e75ee2f01e4e2898a9ea04a96b26,__REFERENCE__,cnn_dm,1
191,9f270039c861e75ee2f01e4e2898a9ea04a96b26,onmt_pg,cnn_dm,4
191,9f270039c861e75ee2f01e4e2898a9ea04a96b26,abssentrw,cnn_dm,3
191,9f270039c861e75ee2f01e4e2898a9ea04a96b26,BART,cnn_dm,0
191,9f270039c861e75ee2f01e4e2898a9ea04a96b26,seneca,cnn_dm,2
191,62271db1dd48de59c7d9d78bad46220c15828547,BART,cnn_dm,1
191,62271db1dd48de59c7d9d78bad46220c15828547,onmt_pg,cnn_dm,2
191,62271db1dd48de59c7d9d78bad46220c15828547,abssentrw,cnn_dm,4
191,62271db1dd48de59c7d9d78bad46220c15828547,__REFERENCE__,cnn_dm,3
191,62271db1dd48de59c7d9d78bad46220c15828547,seneca,cnn_dm,0
191,f2be039ea0ca9f4ebbca215a112819c6b5833797,__REFERENCE__,cnn_dm,0
191,f2be039ea0ca9f4ebbca215a112819c6b5833797,BART,cnn_dm,1
191,f2be039ea0ca9f4ebbca215a112819c6b5833797,seneca,cnn_dm,3
191,f2be039ea0ca9f4ebbca215a112819c6b5833797,abssentrw,cnn_dm,2
191,f2be039ea0ca9f4ebbca215a112819c6b5833797,onmt_pg,cnn_dm,4
192,c63a2e8c41da0461bae5c913c23044c8ebaff1a0,BART,cnn_dm,3
192,c63a2e8c41da0461bae5c913c23044c8ebaff1a0,__REFERENCE__,cnn_dm,4
192,c63a2e8c41da0461bae5c913c23044c8ebaff1a0,onmt_pg,cnn_dm,0
192,c63a2e8c41da0461bae5c913c23044c8ebaff1a0,abssentrw,cnn_dm,1
192,c63a2e8c41da0461bae5c913c23044c8ebaff1a0,seneca,cnn_dm,2
192,406e2d8a6b0ced31908a3f747852f316e3700c08,__REFERENCE__,cnn_dm,0
192,406e2d8a6b0ced31908a3f747852f316e3700c08,seneca,cnn_dm,1
192,406e2d8a6b0ced31908a3f747852f316e3700c08,abssentrw,cnn_dm,3
192,406e2d8a6b0ced31908a3f747852f316e3700c08,onmt_pg,cnn_dm,4
192,406e2d8a6b0ced31908a3f747852f316e3700c08,BART,cnn_dm,2
192,6abf6352c19611cb666d8e294ac39e1908893188,__REFERENCE__,cnn_dm,0
192,6abf6352c19611cb666d8e294ac39e1908893188,seneca,cnn_dm,3
192,6abf6352c19611cb666d8e294ac39e1908893188,onmt_pg,cnn_dm,2
192,6abf6352c19611cb666d8e294ac39e1908893188,abssentrw,cnn_dm,1
192,6abf6352c19611cb666d8e294ac39e1908893188,BART,cnn_dm,4
192,cb081b7d193ad2ca414abad651d9465427b9a41a,abssentrw,cnn_dm,0
192,cb081b7d193ad2ca414abad651d9465427b9a41a,seneca,cnn_dm,1
192,cb081b7d193ad2ca414abad651d9465427b9a41a,__REFERENCE__,cnn_dm,2
192,cb081b7d193ad2ca414abad651d9465427b9a41a,onmt_pg,cnn_dm,3
192,cb081b7d193ad2ca414abad651d9465427b9a41a,BART,cnn_dm,4
192,3cc1c54c0b4e95634f7036e0e05ad8c35090eb82,onmt_pg,cnn_dm,3
192,3cc1c54c0b4e95634f7036e0e05ad8c35090eb82,__REFERENCE__,cnn_dm,0
192,3cc1c54c0b4e95634f7036e0e05ad8c35090eb82,BART,cnn_dm,4
192,3cc1c54c0b4e95634f7036e0e05ad8c35090eb82,seneca,cnn_dm,1
192,3cc1c54c0b4e95634f7036e0e05ad8c35090eb82,abssentrw,cnn_dm,2
193,d4f93ae8f0c0cc9ae690e3a2bc0d562c19625731,seneca,cnn_dm,0
193,d4f93ae8f0c0cc9ae690e3a2bc0d562c19625731,BART,cnn_dm,4
193,d4f93ae8f0c0cc9ae690e3a2bc0d562c19625731,__REFERENCE__,cnn_dm,1
193,d4f93ae8f0c0cc9ae690e3a2bc0d562c19625731,onmt_pg,cnn_dm,2
193,d4f93ae8f0c0cc9ae690e3a2bc0d562c19625731,abssentrw,cnn_dm,3
193,224bc9d81026785f629f3449102187f7261b1991,seneca,cnn_dm,0
193,224bc9d81026785f629f3449102187f7261b1991,BART,cnn_dm,1
193,224bc9d81026785f629f3449102187f7261b1991,onmt_pg,cnn_dm,3
193,224bc9d81026785f629f3449102187f7261b1991,__REFERENCE__,cnn_dm,2
193,224bc9d81026785f629f3449102187f7261b1991,abssentrw,cnn_dm,4
193,8d71eb8e9c4e2d371aa2ec68bb2e8ba4d1791bdd,abssentrw,cnn_dm,2
193,8d71eb8e9c4e2d371aa2ec68bb2e8ba4d1791bdd,BART,cnn_dm,4
193,8d71eb8e9c4e2d371aa2ec68bb2e8ba4d1791bdd,__REFERENCE__,cnn_dm,1
193,8d71eb8e9c4e2d371aa2ec68bb2e8ba4d1791bdd,onmt_pg,cnn_dm,3
193,8d71eb8e9c4e2d371aa2ec68bb2e8ba4d1791bdd,seneca,cnn_dm,0
193,5557ae963e317b3bbb1f8538d6d0ef39a1987198,abssentrw,cnn_dm,4
193,5557ae963e317b3bbb1f8538d6d0ef39a1987198,BART,cnn_dm,2
193,5557ae963e317b3bbb1f8538d6d0ef39a1987198,__REFERENCE__,cnn_dm,1
193,5557ae963e317b3bbb1f8538d6d0ef39a1987198,seneca,cnn_dm,3
193,5557ae963e317b3bbb1f8538d6d0ef39a1987198,onmt_pg,cnn_dm,0
193,7173f3bec6cf4956e8db0343a20d89e36030fae6,BART,cnn_dm,1
193,7173f3bec6cf4956e8db0343a20d89e36030fae6,onmt_pg,cnn_dm,4
193,7173f3bec6cf4956e8db0343a20d89e36030fae6,abssentrw,cnn_dm,2
193,7173f3bec6cf4956e8db0343a20d89e36030fae6,__REFERENCE__,cnn_dm,3
193,7173f3bec6cf4956e8db0343a20d89e36030fae6,seneca,cnn_dm,0
194,50e6a46711b64f333ddd3ce529097fa553c3913c,seneca,cnn_dm,2
194,50e6a46711b64f333ddd3ce529097fa553c3913c,onmt_pg,cnn_dm,3
194,50e6a46711b64f333ddd3ce529097fa553c3913c,BART,cnn_dm,1
194,50e6a46711b64f333ddd3ce529097fa553c3913c,abssentrw,cnn_dm,4
194,50e6a46711b64f333ddd3ce529097fa553c3913c,__REFERENCE__,cnn_dm,0
194,e2706dce6cf26bc61b082438188fdb6e130d9e40,onmt_pg,cnn_dm,2
194,e2706dce6cf26bc61b082438188fdb6e130d9e40,BART,cnn_dm,0
194,e2706dce6cf26bc61b082438188fdb6e130d9e40,abssentrw,cnn_dm,3
194,e2706dce6cf26bc61b082438188fdb6e130d9e40,seneca,cnn_dm,1
194,e2706dce6cf26bc61b082438188fdb6e130d9e40,__REFERENCE__,cnn_dm,4
194,7df3e37c8613fd20fb6791aed1b2b31b4ac7a522,abssentrw,cnn_dm,4
194,7df3e37c8613fd20fb6791aed1b2b31b4ac7a522,onmt_pg,cnn_dm,1
194,7df3e37c8613fd20fb6791aed1b2b31b4ac7a522,__REFERENCE__,cnn_dm,2
194,7df3e37c8613fd20fb6791aed1b2b31b4ac7a522,seneca,cnn_dm,3
194,7df3e37c8613fd20fb6791aed1b2b31b4ac7a522,BART,cnn_dm,0
194,6b3e5879caae91fdca5075479b2aea2259c991c4,abssentrw,cnn_dm,4
194,6b3e5879caae91fdca5075479b2aea2259c991c4,BART,cnn_dm,0
194,6b3e5879caae91fdca5075479b2aea2259c991c4,seneca,cnn_dm,1
194,6b3e5879caae91fdca5075479b2aea2259c991c4,onmt_pg,cnn_dm,3
194,6b3e5879caae91fdca5075479b2aea2259c991c4,__REFERENCE__,cnn_dm,2
194,faf5a752ae42c7e325f93cebef744e02338a9a0c,onmt_pg,cnn_dm,3
194,faf5a752ae42c7e325f93cebef744e02338a9a0c,abssentrw,cnn_dm,1
194,faf5a752ae42c7e325f93cebef744e02338a9a0c,BART,cnn_dm,4
194,faf5a752ae42c7e325f93cebef744e02338a9a0c,seneca,cnn_dm,0
194,faf5a752ae42c7e325f93cebef744e02338a9a0c,__REFERENCE__,cnn_dm,2
195,5c5dcff9554a8b198c76a8bde0ac0e6cf2c4953e,abssentrw,cnn_dm,3
195,5c5dcff9554a8b198c76a8bde0ac0e6cf2c4953e,BART,cnn_dm,0
195,5c5dcff9554a8b198c76a8bde0ac0e6cf2c4953e,seneca,cnn_dm,1
195,5c5dcff9554a8b198c76a8bde0ac0e6cf2c4953e,onmt_pg,cnn_dm,4
195,5c5dcff9554a8b198c76a8bde0ac0e6cf2c4953e,__REFERENCE__,cnn_dm,2
195,36f01a847d3e6788e3915f3ed13d56a50acec512,BART,cnn_dm,2
195,36f01a847d3e6788e3915f3ed13d56a50acec512,__REFERENCE__,cnn_dm,1
195,36f01a847d3e6788e3915f3ed13d56a50acec512,onmt_pg,cnn_dm,0
195,36f01a847d3e6788e3915f3ed13d56a50acec512,seneca,cnn_dm,4
195,36f01a847d3e6788e3915f3ed13d56a50acec512,abssentrw,cnn_dm,3
195,be7a6a3aab2d56c21f004748f2624c291a75f544,BART,cnn_dm,4
195,be7a6a3aab2d56c21f004748f2624c291a75f544,__REFERENCE__,cnn_dm,2
195,be7a6a3aab2d56c21f004748f2624c291a75f544,onmt_pg,cnn_dm,1
195,be7a6a3aab2d56c21f004748f2624c291a75f544,abssentrw,cnn_dm,0
195,be7a6a3aab2d56c21f004748f2624c291a75f544,seneca,cnn_dm,3
195,f94f37a25ddcdaf66182eb7a02a7c690b7e8e392,seneca,cnn_dm,1
195,f94f37a25ddcdaf66182eb7a02a7c690b7e8e392,BART,cnn_dm,4
195,f94f37a25ddcdaf66182eb7a02a7c690b7e8e392,onmt_pg,cnn_dm,0
195,f94f37a25ddcdaf66182eb7a02a7c690b7e8e392,abssentrw,cnn_dm,3
195,f94f37a25ddcdaf66182eb7a02a7c690b7e8e392,__REFERENCE__,cnn_dm,2
195,bde8e22f3e1c3af2ca0f09f734f33d67140ef1aa,seneca,cnn_dm,3
195,bde8e22f3e1c3af2ca0f09f734f33d67140ef1aa,__REFERENCE__,cnn_dm,0
195,bde8e22f3e1c3af2ca0f09f734f33d67140ef1aa,BART,cnn_dm,4
195,bde8e22f3e1c3af2ca0f09f734f33d67140ef1aa,abssentrw,cnn_dm,2
195,bde8e22f3e1c3af2ca0f09f734f33d67140ef1aa,onmt_pg,cnn_dm,1
196,7aa17ec1a451f43187d8f96268e1d452ffcf8272,BART,cnn_dm,0
196,7aa17ec1a451f43187d8f96268e1d452ffcf8272,seneca,cnn_dm,1
196,7aa17ec1a451f43187d8f96268e1d452ffcf8272,abssentrw,cnn_dm,3
196,7aa17ec1a451f43187d8f96268e1d452ffcf8272,onmt_pg,cnn_dm,4
196,7aa17ec1a451f43187d8f96268e1d452ffcf8272,__REFERENCE__,cnn_dm,2
196,cb815147e8ba5c0ef70e2e361ebc7ef01566a8f7,abssentrw,cnn_dm,2
196,cb815147e8ba5c0ef70e2e361ebc7ef01566a8f7,onmt_pg,cnn_dm,1
196,cb815147e8ba5c0ef70e2e361ebc7ef01566a8f7,__REFERENCE__,cnn_dm,3
196,cb815147e8ba5c0ef70e2e361ebc7ef01566a8f7,seneca,cnn_dm,4
196,cb815147e8ba5c0ef70e2e361ebc7ef01566a8f7,BART,cnn_dm,0
196,04e97afcfddc07753d82a3f21fde2a51e6a0e34f,abssentrw,cnn_dm,4
196,04e97afcfddc07753d82a3f21fde2a51e6a0e34f,__REFERENCE__,cnn_dm,0
196,04e97afcfddc07753d82a3f21fde2a51e6a0e34f,onmt_pg,cnn_dm,1
196,04e97afcfddc07753d82a3f21fde2a51e6a0e34f,seneca,cnn_dm,2
196,04e97afcfddc07753d82a3f21fde2a51e6a0e34f,BART,cnn_dm,3
196,3146c14e3a00d9d1d464110fba0dab55f01786e6,__REFERENCE__,cnn_dm,0
196,3146c14e3a00d9d1d464110fba0dab55f01786e6,onmt_pg,cnn_dm,1
196,3146c14e3a00d9d1d464110fba0dab55f01786e6,BART,cnn_dm,2
196,3146c14e3a00d9d1d464110fba0dab55f01786e6,abssentrw,cnn_dm,4
196,3146c14e3a00d9d1d464110fba0dab55f01786e6,seneca,cnn_dm,3
196,14cd21ea5f40d302a47ff38395cfcfc5639d5b88,__REFERENCE__,cnn_dm,4
196,14cd21ea5f40d302a47ff38395cfcfc5639d5b88,BART,cnn_dm,0
196,14cd21ea5f40d302a47ff38395cfcfc5639d5b88,abssentrw,cnn_dm,1
196,14cd21ea5f40d302a47ff38395cfcfc5639d5b88,seneca,cnn_dm,3
196,14cd21ea5f40d302a47ff38395cfcfc5639d5b88,onmt_pg,cnn_dm,2
197,c9a1a96a3b216532c56c869d81dd16c5103664cb,seneca,cnn_dm,0
197,c9a1a96a3b216532c56c869d81dd16c5103664cb,__REFERENCE__,cnn_dm,2
197,c9a1a96a3b216532c56c869d81dd16c5103664cb,BART,cnn_dm,4
197,c9a1a96a3b216532c56c869d81dd16c5103664cb,abssentrw,cnn_dm,1
197,c9a1a96a3b216532c56c869d81dd16c5103664cb,onmt_pg,cnn_dm,3
197,1346277b7785f0e331c94d2bca2129c00fb87767,__REFERENCE__,cnn_dm,0
197,1346277b7785f0e331c94d2bca2129c00fb87767,onmt_pg,cnn_dm,4
197,1346277b7785f0e331c94d2bca2129c00fb87767,seneca,cnn_dm,1
197,1346277b7785f0e331c94d2bca2129c00fb87767,BART,cnn_dm,2
197,1346277b7785f0e331c94d2bca2129c00fb87767,abssentrw,cnn_dm,3
197,c1de892aefd7aa1c6c0ad980039252b8c41f208b,seneca,cnn_dm,3
197,c1de892aefd7aa1c6c0ad980039252b8c41f208b,onmt_pg,cnn_dm,0
197,c1de892aefd7aa1c6c0ad980039252b8c41f208b,__REFERENCE__,cnn_dm,1
197,c1de892aefd7aa1c6c0ad980039252b8c41f208b,BART,cnn_dm,2
197,c1de892aefd7aa1c6c0ad980039252b8c41f208b,abssentrw,cnn_dm,4
197,e4e990208d0f9dcd9bdac5e2e6dcf11aac28cb91,abssentrw,cnn_dm,0
197,e4e990208d0f9dcd9bdac5e2e6dcf11aac28cb91,BART,cnn_dm,4
197,e4e990208d0f9dcd9bdac5e2e6dcf11aac28cb91,onmt_pg,cnn_dm,1
197,e4e990208d0f9dcd9bdac5e2e6dcf11aac28cb91,seneca,cnn_dm,2
197,e4e990208d0f9dcd9bdac5e2e6dcf11aac28cb91,__REFERENCE__,cnn_dm,3
197,bff83ed707bc5db55bb29fa942f77711667f1f1a,abssentrw,cnn_dm,1
197,bff83ed707bc5db55bb29fa942f77711667f1f1a,seneca,cnn_dm,0
197,bff83ed707bc5db55bb29fa942f77711667f1f1a,__REFERENCE__,cnn_dm,3
197,bff83ed707bc5db55bb29fa942f77711667f1f1a,onmt_pg,cnn_dm,2
197,bff83ed707bc5db55bb29fa942f77711667f1f1a,BART,cnn_dm,4
198,69ae7665ded8713de6913d8c76abeedbcb5aab6c,onmt_pg,cnn_dm,1
198,69ae7665ded8713de6913d8c76abeedbcb5aab6c,__REFERENCE__,cnn_dm,2
198,69ae7665ded8713de6913d8c76abeedbcb5aab6c,seneca,cnn_dm,4
198,69ae7665ded8713de6913d8c76abeedbcb5aab6c,BART,cnn_dm,0
198,69ae7665ded8713de6913d8c76abeedbcb5aab6c,abssentrw,cnn_dm,3
198,cd6f8edd5641c9a3f977d257ec623305edc2a675,__REFERENCE__,cnn_dm,2
198,cd6f8edd5641c9a3f977d257ec623305edc2a675,BART,cnn_dm,3
198,cd6f8edd5641c9a3f977d257ec623305edc2a675,abssentrw,cnn_dm,4
198,cd6f8edd5641c9a3f977d257ec623305edc2a675,onmt_pg,cnn_dm,1
198,cd6f8edd5641c9a3f977d257ec623305edc2a675,seneca,cnn_dm,0
198,83de77cf44df09f5e61322dc32fd25ba621ba867,abssentrw,cnn_dm,4
198,83de77cf44df09f5e61322dc32fd25ba621ba867,onmt_pg,cnn_dm,2
198,83de77cf44df09f5e61322dc32fd25ba621ba867,__REFERENCE__,cnn_dm,3
198,83de77cf44df09f5e61322dc32fd25ba621ba867,BART,cnn_dm,1
198,83de77cf44df09f5e61322dc32fd25ba621ba867,seneca,cnn_dm,0
198,cb5638856f8d116a0285e2a6ea63f3381dc6218e,seneca,cnn_dm,1
198,cb5638856f8d116a0285e2a6ea63f3381dc6218e,BART,cnn_dm,0
198,cb5638856f8d116a0285e2a6ea63f3381dc6218e,__REFERENCE__,cnn_dm,2
198,cb5638856f8d116a0285e2a6ea63f3381dc6218e,abssentrw,cnn_dm,4
198,cb5638856f8d116a0285e2a6ea63f3381dc6218e,onmt_pg,cnn_dm,3
198,b5c1c15b995f5000891e6f3a017328f17dde88ae,onmt_pg,cnn_dm,0
198,b5c1c15b995f5000891e6f3a017328f17dde88ae,BART,cnn_dm,3
198,b5c1c15b995f5000891e6f3a017328f17dde88ae,seneca,cnn_dm,1
198,b5c1c15b995f5000891e6f3a017328f17dde88ae,__REFERENCE__,cnn_dm,2
198,b5c1c15b995f5000891e6f3a017328f17dde88ae,abssentrw,cnn_dm,4
199,7cfe43320c7a5b1be9d920b07682f61eab0f7842,onmt_pg,cnn_dm,3
199,7cfe43320c7a5b1be9d920b07682f61eab0f7842,__REFERENCE__,cnn_dm,1
199,7cfe43320c7a5b1be9d920b07682f61eab0f7842,abssentrw,cnn_dm,4
199,7cfe43320c7a5b1be9d920b07682f61eab0f7842,seneca,cnn_dm,0
199,7cfe43320c7a5b1be9d920b07682f61eab0f7842,BART,cnn_dm,2
199,8dcba6ca5858831c4f13f18bfac5f39202242a4d,onmt_pg,cnn_dm,2
199,8dcba6ca5858831c4f13f18bfac5f39202242a4d,BART,cnn_dm,3
199,8dcba6ca5858831c4f13f18bfac5f39202242a4d,__REFERENCE__,cnn_dm,0
199,8dcba6ca5858831c4f13f18bfac5f39202242a4d,seneca,cnn_dm,4
199,8dcba6ca5858831c4f13f18bfac5f39202242a4d,abssentrw,cnn_dm,1
199,78a670384c908a15617cab7f575fd50dc5999937,BART,cnn_dm,1
199,78a670384c908a15617cab7f575fd50dc5999937,abssentrw,cnn_dm,3
199,78a670384c908a15617cab7f575fd50dc5999937,onmt_pg,cnn_dm,2
199,78a670384c908a15617cab7f575fd50dc5999937,__REFERENCE__,cnn_dm,0
199,78a670384c908a15617cab7f575fd50dc5999937,seneca,cnn_dm,4
199,3ea99911f16428a13685da2cde9a062515055d74,__REFERENCE__,cnn_dm,3
199,3ea99911f16428a13685da2cde9a062515055d74,onmt_pg,cnn_dm,4
199,3ea99911f16428a13685da2cde9a062515055d74,seneca,cnn_dm,1
199,3ea99911f16428a13685da2cde9a062515055d74,BART,cnn_dm,2
199,3ea99911f16428a13685da2cde9a062515055d74,abssentrw,cnn_dm,0
199,00a51d5454f2ef7dbf4c53471223a27fb9c20681,onmt_pg,cnn_dm,4
199,00a51d5454f2ef7dbf4c53471223a27fb9c20681,abssentrw,cnn_dm,1
199,00a51d5454f2ef7dbf4c53471223a27fb9c20681,__REFERENCE__,cnn_dm,2
199,00a51d5454f2ef7dbf4c53471223a27fb9c20681,seneca,cnn_dm,0
199,00a51d5454f2ef7dbf4c53471223a27fb9c20681,BART,cnn_dm,3
200,a59a59228c8e522c4c390d6ab503b5fb5f433e65,abssentrw,cnn_dm,2
200,a59a59228c8e522c4c390d6ab503b5fb5f433e65,BART,cnn_dm,0
200,a59a59228c8e522c4c390d6ab503b5fb5f433e65,onmt_pg,cnn_dm,4
200,a59a59228c8e522c4c390d6ab503b5fb5f433e65,__REFERENCE__,cnn_dm,3
200,a59a59228c8e522c4c390d6ab503b5fb5f433e65,seneca,cnn_dm,1
200,2b902ec3bc744315a6842fed9ec223f5675fcbaf,BART,cnn_dm,2
200,2b902ec3bc744315a6842fed9ec223f5675fcbaf,onmt_pg,cnn_dm,0
200,2b902ec3bc744315a6842fed9ec223f5675fcbaf,seneca,cnn_dm,4
200,2b902ec3bc744315a6842fed9ec223f5675fcbaf,__REFERENCE__,cnn_dm,3
200,2b902ec3bc744315a6842fed9ec223f5675fcbaf,abssentrw,cnn_dm,1
200,04aa29d053cb16db2b284da0466f1a98d7045150,onmt_pg,cnn_dm,0
200,04aa29d053cb16db2b284da0466f1a98d7045150,__REFERENCE__,cnn_dm,4
200,04aa29d053cb16db2b284da0466f1a98d7045150,abssentrw,cnn_dm,2
200,04aa29d053cb16db2b284da0466f1a98d7045150,seneca,cnn_dm,1
200,04aa29d053cb16db2b284da0466f1a98d7045150,BART,cnn_dm,3
200,7d076b5e8536e42560c009e3ffbad44b4e6350c5,onmt_pg,cnn_dm,0
200,7d076b5e8536e42560c009e3ffbad44b4e6350c5,abssentrw,cnn_dm,3
200,7d076b5e8536e42560c009e3ffbad44b4e6350c5,BART,cnn_dm,1
200,7d076b5e8536e42560c009e3ffbad44b4e6350c5,__REFERENCE__,cnn_dm,2
200,7d076b5e8536e42560c009e3ffbad44b4e6350c5,seneca,cnn_dm,4
200,399c9461a7a40e526ce640c6945ffd956cbcbaf5,onmt_pg,cnn_dm,4
200,399c9461a7a40e526ce640c6945ffd956cbcbaf5,abssentrw,cnn_dm,1
200,399c9461a7a40e526ce640c6945ffd956cbcbaf5,BART,cnn_dm,2
200,399c9461a7a40e526ce640c6945ffd956cbcbaf5,seneca,cnn_dm,3
200,399c9461a7a40e526ce640c6945ffd956cbcbaf5,__REFERENCE__,cnn_dm,0
201,d322d72a8565ac2487b85e0b71035d4812ab80f1,BART,cnn_dm,2
201,d322d72a8565ac2487b85e0b71035d4812ab80f1,seneca,cnn_dm,4
201,d322d72a8565ac2487b85e0b71035d4812ab80f1,__REFERENCE__,cnn_dm,0
201,d322d72a8565ac2487b85e0b71035d4812ab80f1,onmt_pg,cnn_dm,3
201,d322d72a8565ac2487b85e0b71035d4812ab80f1,abssentrw,cnn_dm,1
201,aab238ffef9ea27adcdc25882ba9e261aaf93995,abssentrw,cnn_dm,2
201,aab238ffef9ea27adcdc25882ba9e261aaf93995,seneca,cnn_dm,4
201,aab238ffef9ea27adcdc25882ba9e261aaf93995,__REFERENCE__,cnn_dm,3
201,aab238ffef9ea27adcdc25882ba9e261aaf93995,BART,cnn_dm,1
201,aab238ffef9ea27adcdc25882ba9e261aaf93995,onmt_pg,cnn_dm,0
201,951535fc236a616bb55f29b4f93dc54b08e5bbb1,__REFERENCE__,cnn_dm,4
201,951535fc236a616bb55f29b4f93dc54b08e5bbb1,abssentrw,cnn_dm,3
201,951535fc236a616bb55f29b4f93dc54b08e5bbb1,BART,cnn_dm,1
201,951535fc236a616bb55f29b4f93dc54b08e5bbb1,seneca,cnn_dm,0
201,951535fc236a616bb55f29b4f93dc54b08e5bbb1,onmt_pg,cnn_dm,2
201,1494f1f351a0898ec3620b3c4a49b15d9f740a0e,seneca,cnn_dm,4
201,1494f1f351a0898ec3620b3c4a49b15d9f740a0e,__REFERENCE__,cnn_dm,3
201,1494f1f351a0898ec3620b3c4a49b15d9f740a0e,BART,cnn_dm,0
201,1494f1f351a0898ec3620b3c4a49b15d9f740a0e,onmt_pg,cnn_dm,2
201,1494f1f351a0898ec3620b3c4a49b15d9f740a0e,abssentrw,cnn_dm,1
201,e27f9736be51b66e759a9ae7bceb0d6c4ba3d457,__REFERENCE__,cnn_dm,0
201,e27f9736be51b66e759a9ae7bceb0d6c4ba3d457,seneca,cnn_dm,4
201,e27f9736be51b66e759a9ae7bceb0d6c4ba3d457,abssentrw,cnn_dm,1
201,e27f9736be51b66e759a9ae7bceb0d6c4ba3d457,onmt_pg,cnn_dm,2
201,e27f9736be51b66e759a9ae7bceb0d6c4ba3d457,BART,cnn_dm,3
202,c63a2e8c41da0461bae5c913c23044c8ebaff1a0,BART,cnn_dm,1
202,c63a2e8c41da0461bae5c913c23044c8ebaff1a0,__REFERENCE__,cnn_dm,0
202,c63a2e8c41da0461bae5c913c23044c8ebaff1a0,onmt_pg,cnn_dm,4
202,c63a2e8c41da0461bae5c913c23044c8ebaff1a0,abssentrw,cnn_dm,3
202,c63a2e8c41da0461bae5c913c23044c8ebaff1a0,seneca,cnn_dm,2
202,406e2d8a6b0ced31908a3f747852f316e3700c08,__REFERENCE__,cnn_dm,3
202,406e2d8a6b0ced31908a3f747852f316e3700c08,seneca,cnn_dm,0
202,406e2d8a6b0ced31908a3f747852f316e3700c08,abssentrw,cnn_dm,4
202,406e2d8a6b0ced31908a3f747852f316e3700c08,onmt_pg,cnn_dm,2
202,406e2d8a6b0ced31908a3f747852f316e3700c08,BART,cnn_dm,1
202,6abf6352c19611cb666d8e294ac39e1908893188,__REFERENCE__,cnn_dm,0
202,6abf6352c19611cb666d8e294ac39e1908893188,seneca,cnn_dm,4
202,6abf6352c19611cb666d8e294ac39e1908893188,onmt_pg,cnn_dm,2
202,6abf6352c19611cb666d8e294ac39e1908893188,abssentrw,cnn_dm,3
202,6abf6352c19611cb666d8e294ac39e1908893188,BART,cnn_dm,1
202,cb081b7d193ad2ca414abad651d9465427b9a41a,abssentrw,cnn_dm,0
202,cb081b7d193ad2ca414abad651d9465427b9a41a,seneca,cnn_dm,4
202,cb081b7d193ad2ca414abad651d9465427b9a41a,__REFERENCE__,cnn_dm,1
202,cb081b7d193ad2ca414abad651d9465427b9a41a,onmt_pg,cnn_dm,3
202,cb081b7d193ad2ca414abad651d9465427b9a41a,BART,cnn_dm,2
202,3cc1c54c0b4e95634f7036e0e05ad8c35090eb82,onmt_pg,cnn_dm,1
202,3cc1c54c0b4e95634f7036e0e05ad8c35090eb82,__REFERENCE__,cnn_dm,0
202,3cc1c54c0b4e95634f7036e0e05ad8c35090eb82,BART,cnn_dm,4
202,3cc1c54c0b4e95634f7036e0e05ad8c35090eb82,seneca,cnn_dm,2
202,3cc1c54c0b4e95634f7036e0e05ad8c35090eb82,abssentrw,cnn_dm,3
203,650080097eaecf363e78dc74d302379d480ba3e1,BART,cnn_dm,2
203,650080097eaecf363e78dc74d302379d480ba3e1,seneca,cnn_dm,1
203,650080097eaecf363e78dc74d302379d480ba3e1,onmt_pg,cnn_dm,3
203,650080097eaecf363e78dc74d302379d480ba3e1,abssentrw,cnn_dm,4
203,650080097eaecf363e78dc74d302379d480ba3e1,__REFERENCE__,cnn_dm,0
203,87a05def511c10ca18f87fb3ba39db3d6e379295,seneca,cnn_dm,4
203,87a05def511c10ca18f87fb3ba39db3d6e379295,BART,cnn_dm,2
203,87a05def511c10ca18f87fb3ba39db3d6e379295,onmt_pg,cnn_dm,3
203,87a05def511c10ca18f87fb3ba39db3d6e379295,abssentrw,cnn_dm,1
203,87a05def511c10ca18f87fb3ba39db3d6e379295,__REFERENCE__,cnn_dm,0
203,d7566835a137b644059f98354dc0144312be877c,onmt_pg,cnn_dm,3
203,d7566835a137b644059f98354dc0144312be877c,seneca,cnn_dm,4
203,d7566835a137b644059f98354dc0144312be877c,__REFERENCE__,cnn_dm,0
203,d7566835a137b644059f98354dc0144312be877c,abssentrw,cnn_dm,1
203,d7566835a137b644059f98354dc0144312be877c,BART,cnn_dm,2
203,3e08fd7813ddd0c07031b0c323d1a14160af970c,seneca,cnn_dm,4
203,3e08fd7813ddd0c07031b0c323d1a14160af970c,__REFERENCE__,cnn_dm,0
203,3e08fd7813ddd0c07031b0c323d1a14160af970c,abssentrw,cnn_dm,2
203,3e08fd7813ddd0c07031b0c323d1a14160af970c,onmt_pg,cnn_dm,1
203,3e08fd7813ddd0c07031b0c323d1a14160af970c,BART,cnn_dm,3
203,2d8090d6e313140c83b04d80d450866584f725ee,__REFERENCE__,cnn_dm,2
203,2d8090d6e313140c83b04d80d450866584f725ee,abssentrw,cnn_dm,3
203,2d8090d6e313140c83b04d80d450866584f725ee,onmt_pg,cnn_dm,0
203,2d8090d6e313140c83b04d80d450866584f725ee,BART,cnn_dm,1
203,2d8090d6e313140c83b04d80d450866584f725ee,seneca,cnn_dm,4
204,b184986948432aec3e837e9f85050359f220fd4b,seneca,cnn_dm,1
204,b184986948432aec3e837e9f85050359f220fd4b,onmt_pg,cnn_dm,3
204,b184986948432aec3e837e9f85050359f220fd4b,BART,cnn_dm,4
204,b184986948432aec3e837e9f85050359f220fd4b,abssentrw,cnn_dm,2
204,b184986948432aec3e837e9f85050359f220fd4b,__REFERENCE__,cnn_dm,0
204,e1d536fce0ebb9bfd3d221e4ecd88c297bc5589b,BART,cnn_dm,3
204,e1d536fce0ebb9bfd3d221e4ecd88c297bc5589b,abssentrw,cnn_dm,4
204,e1d536fce0ebb9bfd3d221e4ecd88c297bc5589b,seneca,cnn_dm,2
204,e1d536fce0ebb9bfd3d221e4ecd88c297bc5589b,__REFERENCE__,cnn_dm,1
204,e1d536fce0ebb9bfd3d221e4ecd88c297bc5589b,onmt_pg,cnn_dm,0
204,32f4b6d152208ddf4c651966931f8bcb7b95f8b5,abssentrw,cnn_dm,0
204,32f4b6d152208ddf4c651966931f8bcb7b95f8b5,BART,cnn_dm,3
204,32f4b6d152208ddf4c651966931f8bcb7b95f8b5,onmt_pg,cnn_dm,1
204,32f4b6d152208ddf4c651966931f8bcb7b95f8b5,seneca,cnn_dm,4
204,32f4b6d152208ddf4c651966931f8bcb7b95f8b5,__REFERENCE__,cnn_dm,2
204,46380367325d6c4b179f17eecea006138d2fa9bd,onmt_pg,cnn_dm,3
204,46380367325d6c4b179f17eecea006138d2fa9bd,abssentrw,cnn_dm,2
204,46380367325d6c4b179f17eecea006138d2fa9bd,seneca,cnn_dm,0
204,46380367325d6c4b179f17eecea006138d2fa9bd,BART,cnn_dm,4
204,46380367325d6c4b179f17eecea006138d2fa9bd,__REFERENCE__,cnn_dm,1
204,e93ba626eef732486b374341bbd56958f4b152c6,__REFERENCE__,cnn_dm,0
204,e93ba626eef732486b374341bbd56958f4b152c6,abssentrw,cnn_dm,4
204,e93ba626eef732486b374341bbd56958f4b152c6,BART,cnn_dm,3
204,e93ba626eef732486b374341bbd56958f4b152c6,onmt_pg,cnn_dm,1
204,e93ba626eef732486b374341bbd56958f4b152c6,seneca,cnn_dm,2
205,b5c1c15b995f5000891e6f3a017328f17dde88ae,onmt_pg,cnn_dm,0
205,b5c1c15b995f5000891e6f3a017328f17dde88ae,BART,cnn_dm,4
205,b5c1c15b995f5000891e6f3a017328f17dde88ae,seneca,cnn_dm,1
205,b5c1c15b995f5000891e6f3a017328f17dde88ae,__REFERENCE__,cnn_dm,3
205,b5c1c15b995f5000891e6f3a017328f17dde88ae,abssentrw,cnn_dm,2
205,69ae7665ded8713de6913d8c76abeedbcb5aab6c,onmt_pg,cnn_dm,0
205,69ae7665ded8713de6913d8c76abeedbcb5aab6c,__REFERENCE__,cnn_dm,2
205,69ae7665ded8713de6913d8c76abeedbcb5aab6c,seneca,cnn_dm,4
205,69ae7665ded8713de6913d8c76abeedbcb5aab6c,BART,cnn_dm,1
205,69ae7665ded8713de6913d8c76abeedbcb5aab6c,abssentrw,cnn_dm,3
205,cd6f8edd5641c9a3f977d257ec623305edc2a675,__REFERENCE__,cnn_dm,0
205,cd6f8edd5641c9a3f977d257ec623305edc2a675,BART,cnn_dm,3
205,cd6f8edd5641c9a3f977d257ec623305edc2a675,abssentrw,cnn_dm,4
205,cd6f8edd5641c9a3f977d257ec623305edc2a675,onmt_pg,cnn_dm,1
205,cd6f8edd5641c9a3f977d257ec623305edc2a675,seneca,cnn_dm,2
205,83de77cf44df09f5e61322dc32fd25ba621ba867,abssentrw,cnn_dm,4
205,83de77cf44df09f5e61322dc32fd25ba621ba867,onmt_pg,cnn_dm,3
205,83de77cf44df09f5e61322dc32fd25ba621ba867,__REFERENCE__,cnn_dm,1
205,83de77cf44df09f5e61322dc32fd25ba621ba867,BART,cnn_dm,2
205,83de77cf44df09f5e61322dc32fd25ba621ba867,seneca,cnn_dm,0
205,cb5638856f8d116a0285e2a6ea63f3381dc6218e,seneca,cnn_dm,3
205,cb5638856f8d116a0285e2a6ea63f3381dc6218e,BART,cnn_dm,1
205,cb5638856f8d116a0285e2a6ea63f3381dc6218e,__REFERENCE__,cnn_dm,0
205,cb5638856f8d116a0285e2a6ea63f3381dc6218e,abssentrw,cnn_dm,4
205,cb5638856f8d116a0285e2a6ea63f3381dc6218e,onmt_pg,cnn_dm,2
206,30dd7f6a55e7f87f256f4000de753341eda066b6,seneca,cnn_dm,0
206,30dd7f6a55e7f87f256f4000de753341eda066b6,onmt_pg,cnn_dm,2
206,30dd7f6a55e7f87f256f4000de753341eda066b6,BART,cnn_dm,3
206,30dd7f6a55e7f87f256f4000de753341eda066b6,__REFERENCE__,cnn_dm,1
206,30dd7f6a55e7f87f256f4000de753341eda066b6,abssentrw,cnn_dm,4
206,fa04945c4c8bb005c0cd023fe45a9675ef39544e,seneca,cnn_dm,3
206,fa04945c4c8bb005c0cd023fe45a9675ef39544e,BART,cnn_dm,1
206,fa04945c4c8bb005c0cd023fe45a9675ef39544e,onmt_pg,cnn_dm,2
206,fa04945c4c8bb005c0cd023fe45a9675ef39544e,__REFERENCE__,cnn_dm,0
206,fa04945c4c8bb005c0cd023fe45a9675ef39544e,abssentrw,cnn_dm,4
206,f2464863b3039eedae709eea2ff8767036840b7e,BART,cnn_dm,4
206,f2464863b3039eedae709eea2ff8767036840b7e,onmt_pg,cnn_dm,1
206,f2464863b3039eedae709eea2ff8767036840b7e,__REFERENCE__,cnn_dm,0
206,f2464863b3039eedae709eea2ff8767036840b7e,seneca,cnn_dm,2
206,f2464863b3039eedae709eea2ff8767036840b7e,abssentrw,cnn_dm,3
206,1b5b437eabd1f04ee32236c589c8de9fb1b5748e,abssentrw,cnn_dm,1
206,1b5b437eabd1f04ee32236c589c8de9fb1b5748e,onmt_pg,cnn_dm,2
206,1b5b437eabd1f04ee32236c589c8de9fb1b5748e,BART,cnn_dm,3
206,1b5b437eabd1f04ee32236c589c8de9fb1b5748e,__REFERENCE__,cnn_dm,4
206,1b5b437eabd1f04ee32236c589c8de9fb1b5748e,seneca,cnn_dm,0
206,7f629db35040e2258f1d55c27ae262d7c80c63c8,onmt_pg,cnn_dm,3
206,7f629db35040e2258f1d55c27ae262d7c80c63c8,abssentrw,cnn_dm,1
206,7f629db35040e2258f1d55c27ae262d7c80c63c8,__REFERENCE__,cnn_dm,4
206,7f629db35040e2258f1d55c27ae262d7c80c63c8,seneca,cnn_dm,0
206,7f629db35040e2258f1d55c27ae262d7c80c63c8,BART,cnn_dm,2
207,d322d72a8565ac2487b85e0b71035d4812ab80f1,BART,cnn_dm,0
207,d322d72a8565ac2487b85e0b71035d4812ab80f1,seneca,cnn_dm,4
207,d322d72a8565ac2487b85e0b71035d4812ab80f1,__REFERENCE__,cnn_dm,2
207,d322d72a8565ac2487b85e0b71035d4812ab80f1,onmt_pg,cnn_dm,1
207,d322d72a8565ac2487b85e0b71035d4812ab80f1,abssentrw,cnn_dm,3
207,aab238ffef9ea27adcdc25882ba9e261aaf93995,abssentrw,cnn_dm,0
207,aab238ffef9ea27adcdc25882ba9e261aaf93995,seneca,cnn_dm,1
207,aab238ffef9ea27adcdc25882ba9e261aaf93995,__REFERENCE__,cnn_dm,3
207,aab238ffef9ea27adcdc25882ba9e261aaf93995,BART,cnn_dm,2
207,aab238ffef9ea27adcdc25882ba9e261aaf93995,onmt_pg,cnn_dm,4
207,951535fc236a616bb55f29b4f93dc54b08e5bbb1,__REFERENCE__,cnn_dm,0
207,951535fc236a616bb55f29b4f93dc54b08e5bbb1,abssentrw,cnn_dm,1
207,951535fc236a616bb55f29b4f93dc54b08e5bbb1,BART,cnn_dm,2
207,951535fc236a616bb55f29b4f93dc54b08e5bbb1,seneca,cnn_dm,3
207,951535fc236a616bb55f29b4f93dc54b08e5bbb1,onmt_pg,cnn_dm,4
207,1494f1f351a0898ec3620b3c4a49b15d9f740a0e,seneca,cnn_dm,0
207,1494f1f351a0898ec3620b3c4a49b15d9f740a0e,__REFERENCE__,cnn_dm,4
207,1494f1f351a0898ec3620b3c4a49b15d9f740a0e,BART,cnn_dm,1
207,1494f1f351a0898ec3620b3c4a49b15d9f740a0e,onmt_pg,cnn_dm,3
207,1494f1f351a0898ec3620b3c4a49b15d9f740a0e,abssentrw,cnn_dm,2
207,e27f9736be51b66e759a9ae7bceb0d6c4ba3d457,__REFERENCE__,cnn_dm,0
207,e27f9736be51b66e759a9ae7bceb0d6c4ba3d457,seneca,cnn_dm,4
207,e27f9736be51b66e759a9ae7bceb0d6c4ba3d457,abssentrw,cnn_dm,1
207,e27f9736be51b66e759a9ae7bceb0d6c4ba3d457,onmt_pg,cnn_dm,2
207,e27f9736be51b66e759a9ae7bceb0d6c4ba3d457,BART,cnn_dm,3
208,7627d9788973785a485e9df3e59002df3a68ad48,onmt_pg,cnn_dm,0
208,7627d9788973785a485e9df3e59002df3a68ad48,abssentrw,cnn_dm,1
208,7627d9788973785a485e9df3e59002df3a68ad48,__REFERENCE__,cnn_dm,2
208,7627d9788973785a485e9df3e59002df3a68ad48,BART,cnn_dm,3
208,7627d9788973785a485e9df3e59002df3a68ad48,seneca,cnn_dm,4
208,60ed760263c8577c407dd008c0d422212af88d98,seneca,cnn_dm,0
208,60ed760263c8577c407dd008c0d422212af88d98,BART,cnn_dm,1
208,60ed760263c8577c407dd008c0d422212af88d98,onmt_pg,cnn_dm,2
208,60ed760263c8577c407dd008c0d422212af88d98,abssentrw,cnn_dm,3
208,60ed760263c8577c407dd008c0d422212af88d98,__REFERENCE__,cnn_dm,4
208,9f270039c861e75ee2f01e4e2898a9ea04a96b26,__REFERENCE__,cnn_dm,1
208,9f270039c861e75ee2f01e4e2898a9ea04a96b26,onmt_pg,cnn_dm,3
208,9f270039c861e75ee2f01e4e2898a9ea04a96b26,abssentrw,cnn_dm,2
208,9f270039c861e75ee2f01e4e2898a9ea04a96b26,BART,cnn_dm,4
208,9f270039c861e75ee2f01e4e2898a9ea04a96b26,seneca,cnn_dm,0
208,62271db1dd48de59c7d9d78bad46220c15828547,BART,cnn_dm,3
208,62271db1dd48de59c7d9d78bad46220c15828547,onmt_pg,cnn_dm,4
208,62271db1dd48de59c7d9d78bad46220c15828547,abssentrw,cnn_dm,2
208,62271db1dd48de59c7d9d78bad46220c15828547,__REFERENCE__,cnn_dm,0
208,62271db1dd48de59c7d9d78bad46220c15828547,seneca,cnn_dm,1
208,f2be039ea0ca9f4ebbca215a112819c6b5833797,__REFERENCE__,cnn_dm,0
208,f2be039ea0ca9f4ebbca215a112819c6b5833797,BART,cnn_dm,2
208,f2be039ea0ca9f4ebbca215a112819c6b5833797,seneca,cnn_dm,3
208,f2be039ea0ca9f4ebbca215a112819c6b5833797,abssentrw,cnn_dm,1
208,f2be039ea0ca9f4ebbca215a112819c6b5833797,onmt_pg,cnn_dm,4
209,7c50828d1dd5ebf11762df0b77b2414e01f7357c,BART,cnn_dm,0
209,7c50828d1dd5ebf11762df0b77b2414e01f7357c,abssentrw,cnn_dm,3
209,7c50828d1dd5ebf11762df0b77b2414e01f7357c,onmt_pg,cnn_dm,4
209,7c50828d1dd5ebf11762df0b77b2414e01f7357c,__REFERENCE__,cnn_dm,1
209,7c50828d1dd5ebf11762df0b77b2414e01f7357c,seneca,cnn_dm,2
209,225aaa29973d81da6aa481c08fc2355d5a633dd6,abssentrw,cnn_dm,1
209,225aaa29973d81da6aa481c08fc2355d5a633dd6,__REFERENCE__,cnn_dm,0
209,225aaa29973d81da6aa481c08fc2355d5a633dd6,BART,cnn_dm,2
209,225aaa29973d81da6aa481c08fc2355d5a633dd6,seneca,cnn_dm,4
209,225aaa29973d81da6aa481c08fc2355d5a633dd6,onmt_pg,cnn_dm,3
209,61e87705e3ec06e193e91b3fceacb486cae3f79f,seneca,cnn_dm,4
209,61e87705e3ec06e193e91b3fceacb486cae3f79f,abssentrw,cnn_dm,3
209,61e87705e3ec06e193e91b3fceacb486cae3f79f,onmt_pg,cnn_dm,1
209,61e87705e3ec06e193e91b3fceacb486cae3f79f,BART,cnn_dm,2
209,61e87705e3ec06e193e91b3fceacb486cae3f79f,__REFERENCE__,cnn_dm,0
209,c3b8e6b3cd4b1a87a8e4432c5aa3ed13f33d0e35,BART,cnn_dm,1
209,c3b8e6b3cd4b1a87a8e4432c5aa3ed13f33d0e35,__REFERENCE__,cnn_dm,2
209,c3b8e6b3cd4b1a87a8e4432c5aa3ed13f33d0e35,seneca,cnn_dm,3
209,c3b8e6b3cd4b1a87a8e4432c5aa3ed13f33d0e35,onmt_pg,cnn_dm,0
209,c3b8e6b3cd4b1a87a8e4432c5aa3ed13f33d0e35,abssentrw,cnn_dm,4
209,fef1c26ec17c2a32dcdba3c37719a4275b286496,BART,cnn_dm,0
209,fef1c26ec17c2a32dcdba3c37719a4275b286496,abssentrw,cnn_dm,4
209,fef1c26ec17c2a32dcdba3c37719a4275b286496,onmt_pg,cnn_dm,3
209,fef1c26ec17c2a32dcdba3c37719a4275b286496,__REFERENCE__,cnn_dm,1
209,fef1c26ec17c2a32dcdba3c37719a4275b286496,seneca,cnn_dm,2
210,c9a1a96a3b216532c56c869d81dd16c5103664cb,seneca,cnn_dm,4
210,c9a1a96a3b216532c56c869d81dd16c5103664cb,__REFERENCE__,cnn_dm,1
210,c9a1a96a3b216532c56c869d81dd16c5103664cb,BART,cnn_dm,0
210,c9a1a96a3b216532c56c869d81dd16c5103664cb,abssentrw,cnn_dm,3
210,c9a1a96a3b216532c56c869d81dd16c5103664cb,onmt_pg,cnn_dm,2
210,1346277b7785f0e331c94d2bca2129c00fb87767,__REFERENCE__,cnn_dm,4
210,1346277b7785f0e331c94d2bca2129c00fb87767,onmt_pg,cnn_dm,2
210,1346277b7785f0e331c94d2bca2129c00fb87767,seneca,cnn_dm,3
210,1346277b7785f0e331c94d2bca2129c00fb87767,BART,cnn_dm,0
210,1346277b7785f0e331c94d2bca2129c00fb87767,abssentrw,cnn_dm,1
210,c1de892aefd7aa1c6c0ad980039252b8c41f208b,seneca,cnn_dm,4
210,c1de892aefd7aa1c6c0ad980039252b8c41f208b,onmt_pg,cnn_dm,0
210,c1de892aefd7aa1c6c0ad980039252b8c41f208b,__REFERENCE__,cnn_dm,3
210,c1de892aefd7aa1c6c0ad980039252b8c41f208b,BART,cnn_dm,1
210,c1de892aefd7aa1c6c0ad980039252b8c41f208b,abssentrw,cnn_dm,2
210,e4e990208d0f9dcd9bdac5e2e6dcf11aac28cb91,abssentrw,cnn_dm,4
210,e4e990208d0f9dcd9bdac5e2e6dcf11aac28cb91,BART,cnn_dm,2
210,e4e990208d0f9dcd9bdac5e2e6dcf11aac28cb91,onmt_pg,cnn_dm,1
210,e4e990208d0f9dcd9bdac5e2e6dcf11aac28cb91,seneca,cnn_dm,3
210,e4e990208d0f9dcd9bdac5e2e6dcf11aac28cb91,__REFERENCE__,cnn_dm,0
210,bff83ed707bc5db55bb29fa942f77711667f1f1a,abssentrw,cnn_dm,4
210,bff83ed707bc5db55bb29fa942f77711667f1f1a,seneca,cnn_dm,3
210,bff83ed707bc5db55bb29fa942f77711667f1f1a,__REFERENCE__,cnn_dm,0
210,bff83ed707bc5db55bb29fa942f77711667f1f1a,onmt_pg,cnn_dm,1
210,bff83ed707bc5db55bb29fa942f77711667f1f1a,BART,cnn_dm,2
211,69ae7665ded8713de6913d8c76abeedbcb5aab6c,onmt_pg,cnn_dm,1
211,69ae7665ded8713de6913d8c76abeedbcb5aab6c,__REFERENCE__,cnn_dm,2
211,69ae7665ded8713de6913d8c76abeedbcb5aab6c,seneca,cnn_dm,4
211,69ae7665ded8713de6913d8c76abeedbcb5aab6c,BART,cnn_dm,0
211,69ae7665ded8713de6913d8c76abeedbcb5aab6c,abssentrw,cnn_dm,3
211,cd6f8edd5641c9a3f977d257ec623305edc2a675,__REFERENCE__,cnn_dm,0
211,cd6f8edd5641c9a3f977d257ec623305edc2a675,BART,cnn_dm,3
211,cd6f8edd5641c9a3f977d257ec623305edc2a675,abssentrw,cnn_dm,1
211,cd6f8edd5641c9a3f977d257ec623305edc2a675,onmt_pg,cnn_dm,2
211,cd6f8edd5641c9a3f977d257ec623305edc2a675,seneca,cnn_dm,4
211,83de77cf44df09f5e61322dc32fd25ba621ba867,abssentrw,cnn_dm,0
211,83de77cf44df09f5e61322dc32fd25ba621ba867,onmt_pg,cnn_dm,1
211,83de77cf44df09f5e61322dc32fd25ba621ba867,__REFERENCE__,cnn_dm,2
211,83de77cf44df09f5e61322dc32fd25ba621ba867,BART,cnn_dm,4
211,83de77cf44df09f5e61322dc32fd25ba621ba867,seneca,cnn_dm,3
211,cb5638856f8d116a0285e2a6ea63f3381dc6218e,seneca,cnn_dm,4
211,cb5638856f8d116a0285e2a6ea63f3381dc6218e,BART,cnn_dm,0
211,cb5638856f8d116a0285e2a6ea63f3381dc6218e,__REFERENCE__,cnn_dm,2
211,cb5638856f8d116a0285e2a6ea63f3381dc6218e,abssentrw,cnn_dm,1
211,cb5638856f8d116a0285e2a6ea63f3381dc6218e,onmt_pg,cnn_dm,3
211,b5c1c15b995f5000891e6f3a017328f17dde88ae,onmt_pg,cnn_dm,0
211,b5c1c15b995f5000891e6f3a017328f17dde88ae,BART,cnn_dm,1
211,b5c1c15b995f5000891e6f3a017328f17dde88ae,seneca,cnn_dm,2
211,b5c1c15b995f5000891e6f3a017328f17dde88ae,__REFERENCE__,cnn_dm,4
211,b5c1c15b995f5000891e6f3a017328f17dde88ae,abssentrw,cnn_dm,3
212,c63a2e8c41da0461bae5c913c23044c8ebaff1a0,BART,cnn_dm,2
212,c63a2e8c41da0461bae5c913c23044c8ebaff1a0,__REFERENCE__,cnn_dm,0
212,c63a2e8c41da0461bae5c913c23044c8ebaff1a0,onmt_pg,cnn_dm,4
212,c63a2e8c41da0461bae5c913c23044c8ebaff1a0,abssentrw,cnn_dm,1
212,c63a2e8c41da0461bae5c913c23044c8ebaff1a0,seneca,cnn_dm,3
212,406e2d8a6b0ced31908a3f747852f316e3700c08,__REFERENCE__,cnn_dm,0
212,406e2d8a6b0ced31908a3f747852f316e3700c08,seneca,cnn_dm,4
212,406e2d8a6b0ced31908a3f747852f316e3700c08,abssentrw,cnn_dm,3
212,406e2d8a6b0ced31908a3f747852f316e3700c08,onmt_pg,cnn_dm,1
212,406e2d8a6b0ced31908a3f747852f316e3700c08,BART,cnn_dm,2
212,6abf6352c19611cb666d8e294ac39e1908893188,__REFERENCE__,cnn_dm,0
212,6abf6352c19611cb666d8e294ac39e1908893188,seneca,cnn_dm,2
212,6abf6352c19611cb666d8e294ac39e1908893188,onmt_pg,cnn_dm,3
212,6abf6352c19611cb666d8e294ac39e1908893188,abssentrw,cnn_dm,4
212,6abf6352c19611cb666d8e294ac39e1908893188,BART,cnn_dm,1
212,cb081b7d193ad2ca414abad651d9465427b9a41a,abssentrw,cnn_dm,2
212,cb081b7d193ad2ca414abad651d9465427b9a41a,seneca,cnn_dm,1
212,cb081b7d193ad2ca414abad651d9465427b9a41a,__REFERENCE__,cnn_dm,0
212,cb081b7d193ad2ca414abad651d9465427b9a41a,onmt_pg,cnn_dm,4
212,cb081b7d193ad2ca414abad651d9465427b9a41a,BART,cnn_dm,3
212,3cc1c54c0b4e95634f7036e0e05ad8c35090eb82,onmt_pg,cnn_dm,4
212,3cc1c54c0b4e95634f7036e0e05ad8c35090eb82,__REFERENCE__,cnn_dm,0
212,3cc1c54c0b4e95634f7036e0e05ad8c35090eb82,BART,cnn_dm,3
212,3cc1c54c0b4e95634f7036e0e05ad8c35090eb82,seneca,cnn_dm,1
212,3cc1c54c0b4e95634f7036e0e05ad8c35090eb82,abssentrw,cnn_dm,2
213,7aa17ec1a451f43187d8f96268e1d452ffcf8272,BART,cnn_dm,0
213,7aa17ec1a451f43187d8f96268e1d452ffcf8272,seneca,cnn_dm,2
213,7aa17ec1a451f43187d8f96268e1d452ffcf8272,abssentrw,cnn_dm,4
213,7aa17ec1a451f43187d8f96268e1d452ffcf8272,onmt_pg,cnn_dm,3
213,7aa17ec1a451f43187d8f96268e1d452ffcf8272,__REFERENCE__,cnn_dm,1
213,cb815147e8ba5c0ef70e2e361ebc7ef01566a8f7,abssentrw,cnn_dm,4
213,cb815147e8ba5c0ef70e2e361ebc7ef01566a8f7,onmt_pg,cnn_dm,0
213,cb815147e8ba5c0ef70e2e361ebc7ef01566a8f7,__REFERENCE__,cnn_dm,3
213,cb815147e8ba5c0ef70e2e361ebc7ef01566a8f7,seneca,cnn_dm,1
213,cb815147e8ba5c0ef70e2e361ebc7ef01566a8f7,BART,cnn_dm,2
213,3146c14e3a00d9d1d464110fba0dab55f01786e6,__REFERENCE__,cnn_dm,2
213,3146c14e3a00d9d1d464110fba0dab55f01786e6,onmt_pg,cnn_dm,4
213,3146c14e3a00d9d1d464110fba0dab55f01786e6,BART,cnn_dm,0
213,3146c14e3a00d9d1d464110fba0dab55f01786e6,abssentrw,cnn_dm,1
213,3146c14e3a00d9d1d464110fba0dab55f01786e6,seneca,cnn_dm,3
213,04e97afcfddc07753d82a3f21fde2a51e6a0e34f,abssentrw,cnn_dm,2
213,04e97afcfddc07753d82a3f21fde2a51e6a0e34f,__REFERENCE__,cnn_dm,1
213,04e97afcfddc07753d82a3f21fde2a51e6a0e34f,onmt_pg,cnn_dm,4
213,04e97afcfddc07753d82a3f21fde2a51e6a0e34f,seneca,cnn_dm,3
213,04e97afcfddc07753d82a3f21fde2a51e6a0e34f,BART,cnn_dm,0
213,14cd21ea5f40d302a47ff38395cfcfc5639d5b88,__REFERENCE__,cnn_dm,1
213,14cd21ea5f40d302a47ff38395cfcfc5639d5b88,BART,cnn_dm,0
213,14cd21ea5f40d302a47ff38395cfcfc5639d5b88,abssentrw,cnn_dm,4
213,14cd21ea5f40d302a47ff38395cfcfc5639d5b88,seneca,cnn_dm,2
213,14cd21ea5f40d302a47ff38395cfcfc5639d5b88,onmt_pg,cnn_dm,3
214,8dcba6ca5858831c4f13f18bfac5f39202242a4d,onmt_pg,cnn_dm,1
214,8dcba6ca5858831c4f13f18bfac5f39202242a4d,BART,cnn_dm,2
214,8dcba6ca5858831c4f13f18bfac5f39202242a4d,__REFERENCE__,cnn_dm,3
214,8dcba6ca5858831c4f13f18bfac5f39202242a4d,seneca,cnn_dm,4
214,8dcba6ca5858831c4f13f18bfac5f39202242a4d,abssentrw,cnn_dm,0
214,7cfe43320c7a5b1be9d920b07682f61eab0f7842,onmt_pg,cnn_dm,4
214,7cfe43320c7a5b1be9d920b07682f61eab0f7842,__REFERENCE__,cnn_dm,0
214,7cfe43320c7a5b1be9d920b07682f61eab0f7842,abssentrw,cnn_dm,2
214,7cfe43320c7a5b1be9d920b07682f61eab0f7842,seneca,cnn_dm,1
214,7cfe43320c7a5b1be9d920b07682f61eab0f7842,BART,cnn_dm,3
214,78a670384c908a15617cab7f575fd50dc5999937,BART,cnn_dm,2
214,78a670384c908a15617cab7f575fd50dc5999937,abssentrw,cnn_dm,3
214,78a670384c908a15617cab7f575fd50dc5999937,onmt_pg,cnn_dm,4
214,78a670384c908a15617cab7f575fd50dc5999937,__REFERENCE__,cnn_dm,1
214,78a670384c908a15617cab7f575fd50dc5999937,seneca,cnn_dm,0
214,3ea99911f16428a13685da2cde9a062515055d74,__REFERENCE__,cnn_dm,3
214,3ea99911f16428a13685da2cde9a062515055d74,onmt_pg,cnn_dm,1
214,3ea99911f16428a13685da2cde9a062515055d74,seneca,cnn_dm,4
214,3ea99911f16428a13685da2cde9a062515055d74,BART,cnn_dm,0
214,3ea99911f16428a13685da2cde9a062515055d74,abssentrw,cnn_dm,2
214,00a51d5454f2ef7dbf4c53471223a27fb9c20681,onmt_pg,cnn_dm,3
214,00a51d5454f2ef7dbf4c53471223a27fb9c20681,abssentrw,cnn_dm,2
214,00a51d5454f2ef7dbf4c53471223a27fb9c20681,__REFERENCE__,cnn_dm,0
214,00a51d5454f2ef7dbf4c53471223a27fb9c20681,seneca,cnn_dm,4
214,00a51d5454f2ef7dbf4c53471223a27fb9c20681,BART,cnn_dm,1
215,7627d9788973785a485e9df3e59002df3a68ad48,onmt_pg,cnn_dm,4
215,7627d9788973785a485e9df3e59002df3a68ad48,abssentrw,cnn_dm,1
215,7627d9788973785a485e9df3e59002df3a68ad48,__REFERENCE__,cnn_dm,0
215,7627d9788973785a485e9df3e59002df3a68ad48,BART,cnn_dm,3
215,7627d9788973785a485e9df3e59002df3a68ad48,seneca,cnn_dm,2
215,60ed760263c8577c407dd008c0d422212af88d98,seneca,cnn_dm,0
215,60ed760263c8577c407dd008c0d422212af88d98,BART,cnn_dm,1
215,60ed760263c8577c407dd008c0d422212af88d98,onmt_pg,cnn_dm,2
215,60ed760263c8577c407dd008c0d422212af88d98,abssentrw,cnn_dm,4
215,60ed760263c8577c407dd008c0d422212af88d98,__REFERENCE__,cnn_dm,3
215,9f270039c861e75ee2f01e4e2898a9ea04a96b26,__REFERENCE__,cnn_dm,2
215,9f270039c861e75ee2f01e4e2898a9ea04a96b26,onmt_pg,cnn_dm,3
215,9f270039c861e75ee2f01e4e2898a9ea04a96b26,abssentrw,cnn_dm,4
215,9f270039c861e75ee2f01e4e2898a9ea04a96b26,BART,cnn_dm,0
215,9f270039c861e75ee2f01e4e2898a9ea04a96b26,seneca,cnn_dm,1
215,62271db1dd48de59c7d9d78bad46220c15828547,BART,cnn_dm,2
215,62271db1dd48de59c7d9d78bad46220c15828547,onmt_pg,cnn_dm,3
215,62271db1dd48de59c7d9d78bad46220c15828547,abssentrw,cnn_dm,4
215,62271db1dd48de59c7d9d78bad46220c15828547,__REFERENCE__,cnn_dm,0
215,62271db1dd48de59c7d9d78bad46220c15828547,seneca,cnn_dm,1
215,f2be039ea0ca9f4ebbca215a112819c6b5833797,__REFERENCE__,cnn_dm,0
215,f2be039ea0ca9f4ebbca215a112819c6b5833797,BART,cnn_dm,4
215,f2be039ea0ca9f4ebbca215a112819c6b5833797,seneca,cnn_dm,2
215,f2be039ea0ca9f4ebbca215a112819c6b5833797,abssentrw,cnn_dm,3
215,f2be039ea0ca9f4ebbca215a112819c6b5833797,onmt_pg,cnn_dm,1
216,545c8f27751b46e3f8da1228fa010bccaebb3530,seneca,cnn_dm,0
216,545c8f27751b46e3f8da1228fa010bccaebb3530,__REFERENCE__,cnn_dm,1
216,545c8f27751b46e3f8da1228fa010bccaebb3530,onmt_pg,cnn_dm,2
216,545c8f27751b46e3f8da1228fa010bccaebb3530,BART,cnn_dm,3
216,545c8f27751b46e3f8da1228fa010bccaebb3530,abssentrw,cnn_dm,4
216,2b19de4fe8058015c655bd9cbeabd63ee360944e,abssentrw,cnn_dm,4
216,2b19de4fe8058015c655bd9cbeabd63ee360944e,BART,cnn_dm,3
216,2b19de4fe8058015c655bd9cbeabd63ee360944e,__REFERENCE__,cnn_dm,1
216,2b19de4fe8058015c655bd9cbeabd63ee360944e,onmt_pg,cnn_dm,0
216,2b19de4fe8058015c655bd9cbeabd63ee360944e,seneca,cnn_dm,2
216,e359dddca898e41b9380db6208964201895ad226,__REFERENCE__,cnn_dm,4
216,e359dddca898e41b9380db6208964201895ad226,abssentrw,cnn_dm,2
216,e359dddca898e41b9380db6208964201895ad226,onmt_pg,cnn_dm,0
216,e359dddca898e41b9380db6208964201895ad226,seneca,cnn_dm,3
216,e359dddca898e41b9380db6208964201895ad226,BART,cnn_dm,1
216,be9b8379c0371294480cf94fa24dcc5bc2c02dfd,onmt_pg,cnn_dm,1
216,be9b8379c0371294480cf94fa24dcc5bc2c02dfd,abssentrw,cnn_dm,3
216,be9b8379c0371294480cf94fa24dcc5bc2c02dfd,seneca,cnn_dm,2
216,be9b8379c0371294480cf94fa24dcc5bc2c02dfd,BART,cnn_dm,4
216,be9b8379c0371294480cf94fa24dcc5bc2c02dfd,__REFERENCE__,cnn_dm,0
216,9b82719134a6dcdb225fd7e33402d01afc478fd9,__REFERENCE__,cnn_dm,0
216,9b82719134a6dcdb225fd7e33402d01afc478fd9,onmt_pg,cnn_dm,1
216,9b82719134a6dcdb225fd7e33402d01afc478fd9,abssentrw,cnn_dm,3
216,9b82719134a6dcdb225fd7e33402d01afc478fd9,BART,cnn_dm,4
216,9b82719134a6dcdb225fd7e33402d01afc478fd9,seneca,cnn_dm,2
217,545c8f27751b46e3f8da1228fa010bccaebb3530,seneca,cnn_dm,4
217,545c8f27751b46e3f8da1228fa010bccaebb3530,__REFERENCE__,cnn_dm,0
217,545c8f27751b46e3f8da1228fa010bccaebb3530,onmt_pg,cnn_dm,2
217,545c8f27751b46e3f8da1228fa010bccaebb3530,BART,cnn_dm,1
217,545c8f27751b46e3f8da1228fa010bccaebb3530,abssentrw,cnn_dm,3
217,e359dddca898e41b9380db6208964201895ad226,__REFERENCE__,cnn_dm,2
217,e359dddca898e41b9380db6208964201895ad226,abssentrw,cnn_dm,0
217,e359dddca898e41b9380db6208964201895ad226,onmt_pg,cnn_dm,1
217,e359dddca898e41b9380db6208964201895ad226,seneca,cnn_dm,4
217,e359dddca898e41b9380db6208964201895ad226,BART,cnn_dm,3
217,be9b8379c0371294480cf94fa24dcc5bc2c02dfd,onmt_pg,cnn_dm,2
217,be9b8379c0371294480cf94fa24dcc5bc2c02dfd,abssentrw,cnn_dm,4
217,be9b8379c0371294480cf94fa24dcc5bc2c02dfd,seneca,cnn_dm,3
217,be9b8379c0371294480cf94fa24dcc5bc2c02dfd,BART,cnn_dm,1
217,be9b8379c0371294480cf94fa24dcc5bc2c02dfd,__REFERENCE__,cnn_dm,0
217,2b19de4fe8058015c655bd9cbeabd63ee360944e,abssentrw,cnn_dm,3
217,2b19de4fe8058015c655bd9cbeabd63ee360944e,BART,cnn_dm,4
217,2b19de4fe8058015c655bd9cbeabd63ee360944e,__REFERENCE__,cnn_dm,1
217,2b19de4fe8058015c655bd9cbeabd63ee360944e,onmt_pg,cnn_dm,2
217,2b19de4fe8058015c655bd9cbeabd63ee360944e,seneca,cnn_dm,0
217,9b82719134a6dcdb225fd7e33402d01afc478fd9,__REFERENCE__,cnn_dm,1
217,9b82719134a6dcdb225fd7e33402d01afc478fd9,onmt_pg,cnn_dm,2
217,9b82719134a6dcdb225fd7e33402d01afc478fd9,abssentrw,cnn_dm,4
217,9b82719134a6dcdb225fd7e33402d01afc478fd9,BART,cnn_dm,0
217,9b82719134a6dcdb225fd7e33402d01afc478fd9,seneca,cnn_dm,3
218,a59a59228c8e522c4c390d6ab503b5fb5f433e65,abssentrw,cnn_dm,3
218,a59a59228c8e522c4c390d6ab503b5fb5f433e65,BART,cnn_dm,0
218,a59a59228c8e522c4c390d6ab503b5fb5f433e65,onmt_pg,cnn_dm,4
218,a59a59228c8e522c4c390d6ab503b5fb5f433e65,__REFERENCE__,cnn_dm,1
218,a59a59228c8e522c4c390d6ab503b5fb5f433e65,seneca,cnn_dm,2
218,2b902ec3bc744315a6842fed9ec223f5675fcbaf,BART,cnn_dm,0
218,2b902ec3bc744315a6842fed9ec223f5675fcbaf,onmt_pg,cnn_dm,3
218,2b902ec3bc744315a6842fed9ec223f5675fcbaf,seneca,cnn_dm,1
218,2b902ec3bc744315a6842fed9ec223f5675fcbaf,__REFERENCE__,cnn_dm,2
218,2b902ec3bc744315a6842fed9ec223f5675fcbaf,abssentrw,cnn_dm,4
218,04aa29d053cb16db2b284da0466f1a98d7045150,onmt_pg,cnn_dm,0
218,04aa29d053cb16db2b284da0466f1a98d7045150,__REFERENCE__,cnn_dm,2
218,04aa29d053cb16db2b284da0466f1a98d7045150,abssentrw,cnn_dm,1
218,04aa29d053cb16db2b284da0466f1a98d7045150,seneca,cnn_dm,4
218,04aa29d053cb16db2b284da0466f1a98d7045150,BART,cnn_dm,3
218,7d076b5e8536e42560c009e3ffbad44b4e6350c5,onmt_pg,cnn_dm,2
218,7d076b5e8536e42560c009e3ffbad44b4e6350c5,abssentrw,cnn_dm,0
218,7d076b5e8536e42560c009e3ffbad44b4e6350c5,BART,cnn_dm,1
218,7d076b5e8536e42560c009e3ffbad44b4e6350c5,__REFERENCE__,cnn_dm,4
218,7d076b5e8536e42560c009e3ffbad44b4e6350c5,seneca,cnn_dm,3
218,399c9461a7a40e526ce640c6945ffd956cbcbaf5,onmt_pg,cnn_dm,0
218,399c9461a7a40e526ce640c6945ffd956cbcbaf5,abssentrw,cnn_dm,4
218,399c9461a7a40e526ce640c6945ffd956cbcbaf5,BART,cnn_dm,1
218,399c9461a7a40e526ce640c6945ffd956cbcbaf5,seneca,cnn_dm,2
218,399c9461a7a40e526ce640c6945ffd956cbcbaf5,__REFERENCE__,cnn_dm,3
219,bde8e22f3e1c3af2ca0f09f734f33d67140ef1aa,seneca,cnn_dm,1
219,bde8e22f3e1c3af2ca0f09f734f33d67140ef1aa,__REFERENCE__,cnn_dm,4
219,bde8e22f3e1c3af2ca0f09f734f33d67140ef1aa,BART,cnn_dm,3
219,bde8e22f3e1c3af2ca0f09f734f33d67140ef1aa,abssentrw,cnn_dm,2
219,bde8e22f3e1c3af2ca0f09f734f33d67140ef1aa,onmt_pg,cnn_dm,0
219,36f01a847d3e6788e3915f3ed13d56a50acec512,BART,cnn_dm,2
219,36f01a847d3e6788e3915f3ed13d56a50acec512,__REFERENCE__,cnn_dm,1
219,36f01a847d3e6788e3915f3ed13d56a50acec512,onmt_pg,cnn_dm,0
219,36f01a847d3e6788e3915f3ed13d56a50acec512,seneca,cnn_dm,3
219,36f01a847d3e6788e3915f3ed13d56a50acec512,abssentrw,cnn_dm,4
219,5c5dcff9554a8b198c76a8bde0ac0e6cf2c4953e,abssentrw,cnn_dm,3
219,5c5dcff9554a8b198c76a8bde0ac0e6cf2c4953e,BART,cnn_dm,4
219,5c5dcff9554a8b198c76a8bde0ac0e6cf2c4953e,seneca,cnn_dm,0
219,5c5dcff9554a8b198c76a8bde0ac0e6cf2c4953e,onmt_pg,cnn_dm,2
219,5c5dcff9554a8b198c76a8bde0ac0e6cf2c4953e,__REFERENCE__,cnn_dm,1
219,be7a6a3aab2d56c21f004748f2624c291a75f544,BART,cnn_dm,4
219,be7a6a3aab2d56c21f004748f2624c291a75f544,__REFERENCE__,cnn_dm,0
219,be7a6a3aab2d56c21f004748f2624c291a75f544,onmt_pg,cnn_dm,1
219,be7a6a3aab2d56c21f004748f2624c291a75f544,abssentrw,cnn_dm,2
219,be7a6a3aab2d56c21f004748f2624c291a75f544,seneca,cnn_dm,3
219,f94f37a25ddcdaf66182eb7a02a7c690b7e8e392,seneca,cnn_dm,4
219,f94f37a25ddcdaf66182eb7a02a7c690b7e8e392,BART,cnn_dm,0
219,f94f37a25ddcdaf66182eb7a02a7c690b7e8e392,onmt_pg,cnn_dm,3
219,f94f37a25ddcdaf66182eb7a02a7c690b7e8e392,abssentrw,cnn_dm,2
219,f94f37a25ddcdaf66182eb7a02a7c690b7e8e392,__REFERENCE__,cnn_dm,1
220,d322d72a8565ac2487b85e0b71035d4812ab80f1,BART,cnn_dm,4
220,d322d72a8565ac2487b85e0b71035d4812ab80f1,seneca,cnn_dm,3
220,d322d72a8565ac2487b85e0b71035d4812ab80f1,__REFERENCE__,cnn_dm,0
220,d322d72a8565ac2487b85e0b71035d4812ab80f1,onmt_pg,cnn_dm,1
220,d322d72a8565ac2487b85e0b71035d4812ab80f1,abssentrw,cnn_dm,2
220,aab238ffef9ea27adcdc25882ba9e261aaf93995,abssentrw,cnn_dm,4
220,aab238ffef9ea27adcdc25882ba9e261aaf93995,seneca,cnn_dm,0
220,aab238ffef9ea27adcdc25882ba9e261aaf93995,__REFERENCE__,cnn_dm,3
220,aab238ffef9ea27adcdc25882ba9e261aaf93995,BART,cnn_dm,2
220,aab238ffef9ea27adcdc25882ba9e261aaf93995,onmt_pg,cnn_dm,1
220,951535fc236a616bb55f29b4f93dc54b08e5bbb1,__REFERENCE__,cnn_dm,4
220,951535fc236a616bb55f29b4f93dc54b08e5bbb1,abssentrw,cnn_dm,2
220,951535fc236a616bb55f29b4f93dc54b08e5bbb1,BART,cnn_dm,3
220,951535fc236a616bb55f29b4f93dc54b08e5bbb1,seneca,cnn_dm,0
220,951535fc236a616bb55f29b4f93dc54b08e5bbb1,onmt_pg,cnn_dm,1
220,1494f1f351a0898ec3620b3c4a49b15d9f740a0e,seneca,cnn_dm,4
220,1494f1f351a0898ec3620b3c4a49b15d9f740a0e,__REFERENCE__,cnn_dm,1
220,1494f1f351a0898ec3620b3c4a49b15d9f740a0e,BART,cnn_dm,0
220,1494f1f351a0898ec3620b3c4a49b15d9f740a0e,onmt_pg,cnn_dm,2
220,1494f1f351a0898ec3620b3c4a49b15d9f740a0e,abssentrw,cnn_dm,3
220,e27f9736be51b66e759a9ae7bceb0d6c4ba3d457,__REFERENCE__,cnn_dm,4
220,e27f9736be51b66e759a9ae7bceb0d6c4ba3d457,seneca,cnn_dm,1
220,e27f9736be51b66e759a9ae7bceb0d6c4ba3d457,abssentrw,cnn_dm,0
220,e27f9736be51b66e759a9ae7bceb0d6c4ba3d457,onmt_pg,cnn_dm,3
220,e27f9736be51b66e759a9ae7bceb0d6c4ba3d457,BART,cnn_dm,2
221,d4f93ae8f0c0cc9ae690e3a2bc0d562c19625731,seneca,cnn_dm,2
221,d4f93ae8f0c0cc9ae690e3a2bc0d562c19625731,BART,cnn_dm,4
221,d4f93ae8f0c0cc9ae690e3a2bc0d562c19625731,__REFERENCE__,cnn_dm,1
221,d4f93ae8f0c0cc9ae690e3a2bc0d562c19625731,onmt_pg,cnn_dm,0
221,d4f93ae8f0c0cc9ae690e3a2bc0d562c19625731,abssentrw,cnn_dm,3
221,224bc9d81026785f629f3449102187f7261b1991,seneca,cnn_dm,3
221,224bc9d81026785f629f3449102187f7261b1991,BART,cnn_dm,2
221,224bc9d81026785f629f3449102187f7261b1991,onmt_pg,cnn_dm,1
221,224bc9d81026785f629f3449102187f7261b1991,__REFERENCE__,cnn_dm,0
221,224bc9d81026785f629f3449102187f7261b1991,abssentrw,cnn_dm,4
221,8d71eb8e9c4e2d371aa2ec68bb2e8ba4d1791bdd,abssentrw,cnn_dm,4
221,8d71eb8e9c4e2d371aa2ec68bb2e8ba4d1791bdd,BART,cnn_dm,3
221,8d71eb8e9c4e2d371aa2ec68bb2e8ba4d1791bdd,__REFERENCE__,cnn_dm,2
221,8d71eb8e9c4e2d371aa2ec68bb2e8ba4d1791bdd,onmt_pg,cnn_dm,0
221,8d71eb8e9c4e2d371aa2ec68bb2e8ba4d1791bdd,seneca,cnn_dm,1
221,5557ae963e317b3bbb1f8538d6d0ef39a1987198,abssentrw,cnn_dm,3
221,5557ae963e317b3bbb1f8538d6d0ef39a1987198,BART,cnn_dm,4
221,5557ae963e317b3bbb1f8538d6d0ef39a1987198,__REFERENCE__,cnn_dm,0
221,5557ae963e317b3bbb1f8538d6d0ef39a1987198,seneca,cnn_dm,2
221,5557ae963e317b3bbb1f8538d6d0ef39a1987198,onmt_pg,cnn_dm,1
221,7173f3bec6cf4956e8db0343a20d89e36030fae6,BART,cnn_dm,0
221,7173f3bec6cf4956e8db0343a20d89e36030fae6,onmt_pg,cnn_dm,1
221,7173f3bec6cf4956e8db0343a20d89e36030fae6,abssentrw,cnn_dm,3
221,7173f3bec6cf4956e8db0343a20d89e36030fae6,__REFERENCE__,cnn_dm,4
221,7173f3bec6cf4956e8db0343a20d89e36030fae6,seneca,cnn_dm,2
222,be9b8379c0371294480cf94fa24dcc5bc2c02dfd,onmt_pg,cnn_dm,1
222,be9b8379c0371294480cf94fa24dcc5bc2c02dfd,abssentrw,cnn_dm,3
222,be9b8379c0371294480cf94fa24dcc5bc2c02dfd,seneca,cnn_dm,4
222,be9b8379c0371294480cf94fa24dcc5bc2c02dfd,BART,cnn_dm,2
222,be9b8379c0371294480cf94fa24dcc5bc2c02dfd,__REFERENCE__,cnn_dm,0
222,545c8f27751b46e3f8da1228fa010bccaebb3530,seneca,cnn_dm,4
222,545c8f27751b46e3f8da1228fa010bccaebb3530,__REFERENCE__,cnn_dm,2
222,545c8f27751b46e3f8da1228fa010bccaebb3530,onmt_pg,cnn_dm,1
222,545c8f27751b46e3f8da1228fa010bccaebb3530,BART,cnn_dm,0
222,545c8f27751b46e3f8da1228fa010bccaebb3530,abssentrw,cnn_dm,3
222,e359dddca898e41b9380db6208964201895ad226,__REFERENCE__,cnn_dm,1
222,e359dddca898e41b9380db6208964201895ad226,abssentrw,cnn_dm,2
222,e359dddca898e41b9380db6208964201895ad226,onmt_pg,cnn_dm,3
222,e359dddca898e41b9380db6208964201895ad226,seneca,cnn_dm,4
222,e359dddca898e41b9380db6208964201895ad226,BART,cnn_dm,0
222,2b19de4fe8058015c655bd9cbeabd63ee360944e,abssentrw,cnn_dm,3
222,2b19de4fe8058015c655bd9cbeabd63ee360944e,BART,cnn_dm,2
222,2b19de4fe8058015c655bd9cbeabd63ee360944e,__REFERENCE__,cnn_dm,1
222,2b19de4fe8058015c655bd9cbeabd63ee360944e,onmt_pg,cnn_dm,0
222,2b19de4fe8058015c655bd9cbeabd63ee360944e,seneca,cnn_dm,4
222,9b82719134a6dcdb225fd7e33402d01afc478fd9,__REFERENCE__,cnn_dm,0
222,9b82719134a6dcdb225fd7e33402d01afc478fd9,onmt_pg,cnn_dm,2
222,9b82719134a6dcdb225fd7e33402d01afc478fd9,abssentrw,cnn_dm,3
222,9b82719134a6dcdb225fd7e33402d01afc478fd9,BART,cnn_dm,1
222,9b82719134a6dcdb225fd7e33402d01afc478fd9,seneca,cnn_dm,4
223,650080097eaecf363e78dc74d302379d480ba3e1,BART,cnn_dm,0
223,650080097eaecf363e78dc74d302379d480ba3e1,seneca,cnn_dm,3
223,650080097eaecf363e78dc74d302379d480ba3e1,onmt_pg,cnn_dm,1
223,650080097eaecf363e78dc74d302379d480ba3e1,abssentrw,cnn_dm,2
223,650080097eaecf363e78dc74d302379d480ba3e1,__REFERENCE__,cnn_dm,4
223,87a05def511c10ca18f87fb3ba39db3d6e379295,seneca,cnn_dm,0
223,87a05def511c10ca18f87fb3ba39db3d6e379295,BART,cnn_dm,3
223,87a05def511c10ca18f87fb3ba39db3d6e379295,onmt_pg,cnn_dm,2
223,87a05def511c10ca18f87fb3ba39db3d6e379295,abssentrw,cnn_dm,1
223,87a05def511c10ca18f87fb3ba39db3d6e379295,__REFERENCE__,cnn_dm,4
223,d7566835a137b644059f98354dc0144312be877c,onmt_pg,cnn_dm,3
223,d7566835a137b644059f98354dc0144312be877c,seneca,cnn_dm,1
223,d7566835a137b644059f98354dc0144312be877c,__REFERENCE__,cnn_dm,4
223,d7566835a137b644059f98354dc0144312be877c,abssentrw,cnn_dm,2
223,d7566835a137b644059f98354dc0144312be877c,BART,cnn_dm,0
223,3e08fd7813ddd0c07031b0c323d1a14160af970c,seneca,cnn_dm,4
223,3e08fd7813ddd0c07031b0c323d1a14160af970c,__REFERENCE__,cnn_dm,2
223,3e08fd7813ddd0c07031b0c323d1a14160af970c,abssentrw,cnn_dm,3
223,3e08fd7813ddd0c07031b0c323d1a14160af970c,onmt_pg,cnn_dm,1
223,3e08fd7813ddd0c07031b0c323d1a14160af970c,BART,cnn_dm,0
223,2d8090d6e313140c83b04d80d450866584f725ee,__REFERENCE__,cnn_dm,3
223,2d8090d6e313140c83b04d80d450866584f725ee,abssentrw,cnn_dm,1
223,2d8090d6e313140c83b04d80d450866584f725ee,onmt_pg,cnn_dm,2
223,2d8090d6e313140c83b04d80d450866584f725ee,BART,cnn_dm,0
223,2d8090d6e313140c83b04d80d450866584f725ee,seneca,cnn_dm,4
224,cb815147e8ba5c0ef70e2e361ebc7ef01566a8f7,abssentrw,cnn_dm,2
224,cb815147e8ba5c0ef70e2e361ebc7ef01566a8f7,onmt_pg,cnn_dm,1
224,cb815147e8ba5c0ef70e2e361ebc7ef01566a8f7,__REFERENCE__,cnn_dm,3
224,cb815147e8ba5c0ef70e2e361ebc7ef01566a8f7,seneca,cnn_dm,0
224,cb815147e8ba5c0ef70e2e361ebc7ef01566a8f7,BART,cnn_dm,4
224,7aa17ec1a451f43187d8f96268e1d452ffcf8272,BART,cnn_dm,0
224,7aa17ec1a451f43187d8f96268e1d452ffcf8272,seneca,cnn_dm,4
224,7aa17ec1a451f43187d8f96268e1d452ffcf8272,abssentrw,cnn_dm,1
224,7aa17ec1a451f43187d8f96268e1d452ffcf8272,onmt_pg,cnn_dm,3
224,7aa17ec1a451f43187d8f96268e1d452ffcf8272,__REFERENCE__,cnn_dm,2
224,04e97afcfddc07753d82a3f21fde2a51e6a0e34f,abssentrw,cnn_dm,3
224,04e97afcfddc07753d82a3f21fde2a51e6a0e34f,__REFERENCE__,cnn_dm,0
224,04e97afcfddc07753d82a3f21fde2a51e6a0e34f,onmt_pg,cnn_dm,2
224,04e97afcfddc07753d82a3f21fde2a51e6a0e34f,seneca,cnn_dm,1
224,04e97afcfddc07753d82a3f21fde2a51e6a0e34f,BART,cnn_dm,4
224,3146c14e3a00d9d1d464110fba0dab55f01786e6,__REFERENCE__,cnn_dm,0
224,3146c14e3a00d9d1d464110fba0dab55f01786e6,onmt_pg,cnn_dm,3
224,3146c14e3a00d9d1d464110fba0dab55f01786e6,BART,cnn_dm,4
224,3146c14e3a00d9d1d464110fba0dab55f01786e6,abssentrw,cnn_dm,2
224,3146c14e3a00d9d1d464110fba0dab55f01786e6,seneca,cnn_dm,1
224,14cd21ea5f40d302a47ff38395cfcfc5639d5b88,__REFERENCE__,cnn_dm,0
224,14cd21ea5f40d302a47ff38395cfcfc5639d5b88,BART,cnn_dm,3
224,14cd21ea5f40d302a47ff38395cfcfc5639d5b88,abssentrw,cnn_dm,1
224,14cd21ea5f40d302a47ff38395cfcfc5639d5b88,seneca,cnn_dm,4
224,14cd21ea5f40d302a47ff38395cfcfc5639d5b88,onmt_pg,cnn_dm,2
225,30dd7f6a55e7f87f256f4000de753341eda066b6,seneca,cnn_dm,2
225,30dd7f6a55e7f87f256f4000de753341eda066b6,onmt_pg,cnn_dm,4
225,30dd7f6a55e7f87f256f4000de753341eda066b6,BART,cnn_dm,0
225,30dd7f6a55e7f87f256f4000de753341eda066b6,__REFERENCE__,cnn_dm,3
225,30dd7f6a55e7f87f256f4000de753341eda066b6,abssentrw,cnn_dm,1
225,fa04945c4c8bb005c0cd023fe45a9675ef39544e,seneca,cnn_dm,3
225,fa04945c4c8bb005c0cd023fe45a9675ef39544e,BART,cnn_dm,2
225,fa04945c4c8bb005c0cd023fe45a9675ef39544e,onmt_pg,cnn_dm,0
225,fa04945c4c8bb005c0cd023fe45a9675ef39544e,__REFERENCE__,cnn_dm,1
225,fa04945c4c8bb005c0cd023fe45a9675ef39544e,abssentrw,cnn_dm,4
225,f2464863b3039eedae709eea2ff8767036840b7e,BART,cnn_dm,1
225,f2464863b3039eedae709eea2ff8767036840b7e,onmt_pg,cnn_dm,0
225,f2464863b3039eedae709eea2ff8767036840b7e,__REFERENCE__,cnn_dm,2
225,f2464863b3039eedae709eea2ff8767036840b7e,seneca,cnn_dm,4
225,f2464863b3039eedae709eea2ff8767036840b7e,abssentrw,cnn_dm,3
225,1b5b437eabd1f04ee32236c589c8de9fb1b5748e,abssentrw,cnn_dm,3
225,1b5b437eabd1f04ee32236c589c8de9fb1b5748e,onmt_pg,cnn_dm,4
225,1b5b437eabd1f04ee32236c589c8de9fb1b5748e,BART,cnn_dm,1
225,1b5b437eabd1f04ee32236c589c8de9fb1b5748e,__REFERENCE__,cnn_dm,0
225,1b5b437eabd1f04ee32236c589c8de9fb1b5748e,seneca,cnn_dm,2
225,7f629db35040e2258f1d55c27ae262d7c80c63c8,onmt_pg,cnn_dm,3
225,7f629db35040e2258f1d55c27ae262d7c80c63c8,abssentrw,cnn_dm,4
225,7f629db35040e2258f1d55c27ae262d7c80c63c8,__REFERENCE__,cnn_dm,0
225,7f629db35040e2258f1d55c27ae262d7c80c63c8,seneca,cnn_dm,1
225,7f629db35040e2258f1d55c27ae262d7c80c63c8,BART,cnn_dm,2
226,04310ac4c80c9a47db827a195de8f981eb81f4f9,__REFERENCE__,cnn_dm,0
226,04310ac4c80c9a47db827a195de8f981eb81f4f9,BART,cnn_dm,2
226,04310ac4c80c9a47db827a195de8f981eb81f4f9,abssentrw,cnn_dm,3
226,04310ac4c80c9a47db827a195de8f981eb81f4f9,seneca,cnn_dm,4
226,04310ac4c80c9a47db827a195de8f981eb81f4f9,onmt_pg,cnn_dm,1
226,4487bcbdc4ea093a895809289d301c9b4cf1cfb7,seneca,cnn_dm,3
226,4487bcbdc4ea093a895809289d301c9b4cf1cfb7,BART,cnn_dm,2
226,4487bcbdc4ea093a895809289d301c9b4cf1cfb7,abssentrw,cnn_dm,4
226,4487bcbdc4ea093a895809289d301c9b4cf1cfb7,__REFERENCE__,cnn_dm,1
226,4487bcbdc4ea093a895809289d301c9b4cf1cfb7,onmt_pg,cnn_dm,0
226,1b884cf6cb5180ea2143142d0a0b30f352865bd9,onmt_pg,cnn_dm,3
226,1b884cf6cb5180ea2143142d0a0b30f352865bd9,__REFERENCE__,cnn_dm,1
226,1b884cf6cb5180ea2143142d0a0b30f352865bd9,seneca,cnn_dm,2
226,1b884cf6cb5180ea2143142d0a0b30f352865bd9,abssentrw,cnn_dm,4
226,1b884cf6cb5180ea2143142d0a0b30f352865bd9,BART,cnn_dm,0
226,7b6e1b6411c267b63accbf07a6eb9ff20ee866e3,seneca,cnn_dm,2
226,7b6e1b6411c267b63accbf07a6eb9ff20ee866e3,__REFERENCE__,cnn_dm,0
226,7b6e1b6411c267b63accbf07a6eb9ff20ee866e3,abssentrw,cnn_dm,3
226,7b6e1b6411c267b63accbf07a6eb9ff20ee866e3,onmt_pg,cnn_dm,1
226,7b6e1b6411c267b63accbf07a6eb9ff20ee866e3,BART,cnn_dm,4
226,d77d530c45661f617857a99a49b9c90d2c1ce1d8,seneca,cnn_dm,4
226,d77d530c45661f617857a99a49b9c90d2c1ce1d8,abssentrw,cnn_dm,3
226,d77d530c45661f617857a99a49b9c90d2c1ce1d8,BART,cnn_dm,2
226,d77d530c45661f617857a99a49b9c90d2c1ce1d8,onmt_pg,cnn_dm,0
226,d77d530c45661f617857a99a49b9c90d2c1ce1d8,__REFERENCE__,cnn_dm,1
227,761c33be5c784acc643c89dd8bad9b7945797dc1,seneca,cnn_dm,4
227,761c33be5c784acc643c89dd8bad9b7945797dc1,BART,cnn_dm,3
227,761c33be5c784acc643c89dd8bad9b7945797dc1,onmt_pg,cnn_dm,1
227,761c33be5c784acc643c89dd8bad9b7945797dc1,__REFERENCE__,cnn_dm,0
227,761c33be5c784acc643c89dd8bad9b7945797dc1,abssentrw,cnn_dm,2
227,db5fd900b59c7c7ead4ceb6ce55f598b1d7009e8,onmt_pg,cnn_dm,2
227,db5fd900b59c7c7ead4ceb6ce55f598b1d7009e8,BART,cnn_dm,4
227,db5fd900b59c7c7ead4ceb6ce55f598b1d7009e8,seneca,cnn_dm,1
227,db5fd900b59c7c7ead4ceb6ce55f598b1d7009e8,abssentrw,cnn_dm,0
227,db5fd900b59c7c7ead4ceb6ce55f598b1d7009e8,__REFERENCE__,cnn_dm,3
227,7eaceed421cc9ed628e2f1f6e89cb20159b9b7ad,__REFERENCE__,cnn_dm,1
227,7eaceed421cc9ed628e2f1f6e89cb20159b9b7ad,onmt_pg,cnn_dm,0
227,7eaceed421cc9ed628e2f1f6e89cb20159b9b7ad,seneca,cnn_dm,2
227,7eaceed421cc9ed628e2f1f6e89cb20159b9b7ad,BART,cnn_dm,3
227,7eaceed421cc9ed628e2f1f6e89cb20159b9b7ad,abssentrw,cnn_dm,4
227,bc830788bac6dd33a7960fc68b3afc1e442f4dfe,abssentrw,cnn_dm,4
227,bc830788bac6dd33a7960fc68b3afc1e442f4dfe,BART,cnn_dm,1
227,bc830788bac6dd33a7960fc68b3afc1e442f4dfe,__REFERENCE__,cnn_dm,0
227,bc830788bac6dd33a7960fc68b3afc1e442f4dfe,seneca,cnn_dm,3
227,bc830788bac6dd33a7960fc68b3afc1e442f4dfe,onmt_pg,cnn_dm,2
227,ef1fbde4aaf6fa48e2df37215a1bec4b1a550859,__REFERENCE__,cnn_dm,0
227,ef1fbde4aaf6fa48e2df37215a1bec4b1a550859,BART,cnn_dm,3
227,ef1fbde4aaf6fa48e2df37215a1bec4b1a550859,abssentrw,cnn_dm,2
227,ef1fbde4aaf6fa48e2df37215a1bec4b1a550859,onmt_pg,cnn_dm,4
227,ef1fbde4aaf6fa48e2df37215a1bec4b1a550859,seneca,cnn_dm,1
228,168d893a015c93c4fd2cdc3ab048a2b351478062,seneca,cnn_dm,3
228,168d893a015c93c4fd2cdc3ab048a2b351478062,__REFERENCE__,cnn_dm,2
228,168d893a015c93c4fd2cdc3ab048a2b351478062,abssentrw,cnn_dm,4
228,168d893a015c93c4fd2cdc3ab048a2b351478062,BART,cnn_dm,1
228,168d893a015c93c4fd2cdc3ab048a2b351478062,onmt_pg,cnn_dm,0
228,c0df03212175015b879394c43bd96031d16bce5a,abssentrw,cnn_dm,0
228,c0df03212175015b879394c43bd96031d16bce5a,__REFERENCE__,cnn_dm,1
228,c0df03212175015b879394c43bd96031d16bce5a,onmt_pg,cnn_dm,2
228,c0df03212175015b879394c43bd96031d16bce5a,BART,cnn_dm,3
228,c0df03212175015b879394c43bd96031d16bce5a,seneca,cnn_dm,4
228,ca3b2dc93f170f06e3a60fe7cd3243d204cc4b75,onmt_pg,cnn_dm,2
228,ca3b2dc93f170f06e3a60fe7cd3243d204cc4b75,BART,cnn_dm,1
228,ca3b2dc93f170f06e3a60fe7cd3243d204cc4b75,seneca,cnn_dm,3
228,ca3b2dc93f170f06e3a60fe7cd3243d204cc4b75,abssentrw,cnn_dm,0
228,ca3b2dc93f170f06e3a60fe7cd3243d204cc4b75,__REFERENCE__,cnn_dm,4
228,d996be0da10476a01b3019c76e8e21074d3d3585,BART,cnn_dm,2
228,d996be0da10476a01b3019c76e8e21074d3d3585,onmt_pg,cnn_dm,3
228,d996be0da10476a01b3019c76e8e21074d3d3585,seneca,cnn_dm,4
228,d996be0da10476a01b3019c76e8e21074d3d3585,__REFERENCE__,cnn_dm,1
228,d996be0da10476a01b3019c76e8e21074d3d3585,abssentrw,cnn_dm,0
228,8668ab568627814febae951f2f4c93d22c6cac45,BART,cnn_dm,2
228,8668ab568627814febae951f2f4c93d22c6cac45,abssentrw,cnn_dm,4
228,8668ab568627814febae951f2f4c93d22c6cac45,onmt_pg,cnn_dm,3
228,8668ab568627814febae951f2f4c93d22c6cac45,__REFERENCE__,cnn_dm,0
228,8668ab568627814febae951f2f4c93d22c6cac45,seneca,cnn_dm,1
229,a59a59228c8e522c4c390d6ab503b5fb5f433e65,abssentrw,cnn_dm,3
229,a59a59228c8e522c4c390d6ab503b5fb5f433e65,BART,cnn_dm,2
229,a59a59228c8e522c4c390d6ab503b5fb5f433e65,onmt_pg,cnn_dm,4
229,a59a59228c8e522c4c390d6ab503b5fb5f433e65,__REFERENCE__,cnn_dm,1
229,a59a59228c8e522c4c390d6ab503b5fb5f433e65,seneca,cnn_dm,0
229,2b902ec3bc744315a6842fed9ec223f5675fcbaf,BART,cnn_dm,0
229,2b902ec3bc744315a6842fed9ec223f5675fcbaf,onmt_pg,cnn_dm,1
229,2b902ec3bc744315a6842fed9ec223f5675fcbaf,seneca,cnn_dm,2
229,2b902ec3bc744315a6842fed9ec223f5675fcbaf,__REFERENCE__,cnn_dm,3
229,2b902ec3bc744315a6842fed9ec223f5675fcbaf,abssentrw,cnn_dm,4
229,04aa29d053cb16db2b284da0466f1a98d7045150,onmt_pg,cnn_dm,3
229,04aa29d053cb16db2b284da0466f1a98d7045150,__REFERENCE__,cnn_dm,1
229,04aa29d053cb16db2b284da0466f1a98d7045150,abssentrw,cnn_dm,4
229,04aa29d053cb16db2b284da0466f1a98d7045150,seneca,cnn_dm,2
229,04aa29d053cb16db2b284da0466f1a98d7045150,BART,cnn_dm,0
229,7d076b5e8536e42560c009e3ffbad44b4e6350c5,onmt_pg,cnn_dm,0
229,7d076b5e8536e42560c009e3ffbad44b4e6350c5,abssentrw,cnn_dm,4
229,7d076b5e8536e42560c009e3ffbad44b4e6350c5,BART,cnn_dm,2
229,7d076b5e8536e42560c009e3ffbad44b4e6350c5,__REFERENCE__,cnn_dm,1
229,7d076b5e8536e42560c009e3ffbad44b4e6350c5,seneca,cnn_dm,3
229,399c9461a7a40e526ce640c6945ffd956cbcbaf5,onmt_pg,cnn_dm,2
229,399c9461a7a40e526ce640c6945ffd956cbcbaf5,abssentrw,cnn_dm,1
229,399c9461a7a40e526ce640c6945ffd956cbcbaf5,BART,cnn_dm,3
229,399c9461a7a40e526ce640c6945ffd956cbcbaf5,seneca,cnn_dm,4
229,399c9461a7a40e526ce640c6945ffd956cbcbaf5,__REFERENCE__,cnn_dm,0
230,b184986948432aec3e837e9f85050359f220fd4b,seneca,cnn_dm,4
230,b184986948432aec3e837e9f85050359f220fd4b,onmt_pg,cnn_dm,3
230,b184986948432aec3e837e9f85050359f220fd4b,BART,cnn_dm,2
230,b184986948432aec3e837e9f85050359f220fd4b,abssentrw,cnn_dm,1
230,b184986948432aec3e837e9f85050359f220fd4b,__REFERENCE__,cnn_dm,0
230,e1d536fce0ebb9bfd3d221e4ecd88c297bc5589b,BART,cnn_dm,1
230,e1d536fce0ebb9bfd3d221e4ecd88c297bc5589b,abssentrw,cnn_dm,4
230,e1d536fce0ebb9bfd3d221e4ecd88c297bc5589b,seneca,cnn_dm,0
230,e1d536fce0ebb9bfd3d221e4ecd88c297bc5589b,__REFERENCE__,cnn_dm,3
230,e1d536fce0ebb9bfd3d221e4ecd88c297bc5589b,onmt_pg,cnn_dm,2
230,32f4b6d152208ddf4c651966931f8bcb7b95f8b5,abssentrw,cnn_dm,0
230,32f4b6d152208ddf4c651966931f8bcb7b95f8b5,BART,cnn_dm,2
230,32f4b6d152208ddf4c651966931f8bcb7b95f8b5,onmt_pg,cnn_dm,3
230,32f4b6d152208ddf4c651966931f8bcb7b95f8b5,seneca,cnn_dm,1
230,32f4b6d152208ddf4c651966931f8bcb7b95f8b5,__REFERENCE__,cnn_dm,4
230,46380367325d6c4b179f17eecea006138d2fa9bd,onmt_pg,cnn_dm,1
230,46380367325d6c4b179f17eecea006138d2fa9bd,abssentrw,cnn_dm,2
230,46380367325d6c4b179f17eecea006138d2fa9bd,seneca,cnn_dm,3
230,46380367325d6c4b179f17eecea006138d2fa9bd,BART,cnn_dm,4
230,46380367325d6c4b179f17eecea006138d2fa9bd,__REFERENCE__,cnn_dm,0
230,e93ba626eef732486b374341bbd56958f4b152c6,__REFERENCE__,cnn_dm,1
230,e93ba626eef732486b374341bbd56958f4b152c6,abssentrw,cnn_dm,4
230,e93ba626eef732486b374341bbd56958f4b152c6,BART,cnn_dm,3
230,e93ba626eef732486b374341bbd56958f4b152c6,onmt_pg,cnn_dm,0
230,e93ba626eef732486b374341bbd56958f4b152c6,seneca,cnn_dm,2
231,168d893a015c93c4fd2cdc3ab048a2b351478062,seneca,cnn_dm,2
231,168d893a015c93c4fd2cdc3ab048a2b351478062,__REFERENCE__,cnn_dm,0
231,168d893a015c93c4fd2cdc3ab048a2b351478062,abssentrw,cnn_dm,4
231,168d893a015c93c4fd2cdc3ab048a2b351478062,BART,cnn_dm,1
231,168d893a015c93c4fd2cdc3ab048a2b351478062,onmt_pg,cnn_dm,3
231,c0df03212175015b879394c43bd96031d16bce5a,abssentrw,cnn_dm,4
231,c0df03212175015b879394c43bd96031d16bce5a,__REFERENCE__,cnn_dm,1
231,c0df03212175015b879394c43bd96031d16bce5a,onmt_pg,cnn_dm,0
231,c0df03212175015b879394c43bd96031d16bce5a,BART,cnn_dm,3
231,c0df03212175015b879394c43bd96031d16bce5a,seneca,cnn_dm,2
231,ca3b2dc93f170f06e3a60fe7cd3243d204cc4b75,onmt_pg,cnn_dm,4
231,ca3b2dc93f170f06e3a60fe7cd3243d204cc4b75,BART,cnn_dm,0
231,ca3b2dc93f170f06e3a60fe7cd3243d204cc4b75,seneca,cnn_dm,3
231,ca3b2dc93f170f06e3a60fe7cd3243d204cc4b75,abssentrw,cnn_dm,1
231,ca3b2dc93f170f06e3a60fe7cd3243d204cc4b75,__REFERENCE__,cnn_dm,2
231,d996be0da10476a01b3019c76e8e21074d3d3585,BART,cnn_dm,0
231,d996be0da10476a01b3019c76e8e21074d3d3585,onmt_pg,cnn_dm,1
231,d996be0da10476a01b3019c76e8e21074d3d3585,seneca,cnn_dm,4
231,d996be0da10476a01b3019c76e8e21074d3d3585,__REFERENCE__,cnn_dm,2
231,d996be0da10476a01b3019c76e8e21074d3d3585,abssentrw,cnn_dm,3
231,8668ab568627814febae951f2f4c93d22c6cac45,BART,cnn_dm,4
231,8668ab568627814febae951f2f4c93d22c6cac45,abssentrw,cnn_dm,2
231,8668ab568627814febae951f2f4c93d22c6cac45,onmt_pg,cnn_dm,3
231,8668ab568627814febae951f2f4c93d22c6cac45,__REFERENCE__,cnn_dm,0
231,8668ab568627814febae951f2f4c93d22c6cac45,seneca,cnn_dm,1
232,168d893a015c93c4fd2cdc3ab048a2b351478062,seneca,cnn_dm,2
232,168d893a015c93c4fd2cdc3ab048a2b351478062,__REFERENCE__,cnn_dm,1
232,168d893a015c93c4fd2cdc3ab048a2b351478062,abssentrw,cnn_dm,4
232,168d893a015c93c4fd2cdc3ab048a2b351478062,BART,cnn_dm,0
232,168d893a015c93c4fd2cdc3ab048a2b351478062,onmt_pg,cnn_dm,3
232,c0df03212175015b879394c43bd96031d16bce5a,abssentrw,cnn_dm,3
232,c0df03212175015b879394c43bd96031d16bce5a,__REFERENCE__,cnn_dm,0
232,c0df03212175015b879394c43bd96031d16bce5a,onmt_pg,cnn_dm,2
232,c0df03212175015b879394c43bd96031d16bce5a,BART,cnn_dm,4
232,c0df03212175015b879394c43bd96031d16bce5a,seneca,cnn_dm,1
232,ca3b2dc93f170f06e3a60fe7cd3243d204cc4b75,onmt_pg,cnn_dm,1
232,ca3b2dc93f170f06e3a60fe7cd3243d204cc4b75,BART,cnn_dm,2
232,ca3b2dc93f170f06e3a60fe7cd3243d204cc4b75,seneca,cnn_dm,4
232,ca3b2dc93f170f06e3a60fe7cd3243d204cc4b75,abssentrw,cnn_dm,3
232,ca3b2dc93f170f06e3a60fe7cd3243d204cc4b75,__REFERENCE__,cnn_dm,0
232,d996be0da10476a01b3019c76e8e21074d3d3585,BART,cnn_dm,0
232,d996be0da10476a01b3019c76e8e21074d3d3585,onmt_pg,cnn_dm,1
232,d996be0da10476a01b3019c76e8e21074d3d3585,seneca,cnn_dm,4
232,d996be0da10476a01b3019c76e8e21074d3d3585,__REFERENCE__,cnn_dm,3
232,d996be0da10476a01b3019c76e8e21074d3d3585,abssentrw,cnn_dm,2
232,8668ab568627814febae951f2f4c93d22c6cac45,BART,cnn_dm,4
232,8668ab568627814febae951f2f4c93d22c6cac45,abssentrw,cnn_dm,2
232,8668ab568627814febae951f2f4c93d22c6cac45,onmt_pg,cnn_dm,1
232,8668ab568627814febae951f2f4c93d22c6cac45,__REFERENCE__,cnn_dm,0
232,8668ab568627814febae951f2f4c93d22c6cac45,seneca,cnn_dm,3
233,c9a1a96a3b216532c56c869d81dd16c5103664cb,seneca,cnn_dm,1
233,c9a1a96a3b216532c56c869d81dd16c5103664cb,__REFERENCE__,cnn_dm,0
233,c9a1a96a3b216532c56c869d81dd16c5103664cb,BART,cnn_dm,4
233,c9a1a96a3b216532c56c869d81dd16c5103664cb,abssentrw,cnn_dm,2
233,c9a1a96a3b216532c56c869d81dd16c5103664cb,onmt_pg,cnn_dm,3
233,1346277b7785f0e331c94d2bca2129c00fb87767,__REFERENCE__,cnn_dm,0
233,1346277b7785f0e331c94d2bca2129c00fb87767,onmt_pg,cnn_dm,3
233,1346277b7785f0e331c94d2bca2129c00fb87767,seneca,cnn_dm,1
233,1346277b7785f0e331c94d2bca2129c00fb87767,BART,cnn_dm,4
233,1346277b7785f0e331c94d2bca2129c00fb87767,abssentrw,cnn_dm,2
233,c1de892aefd7aa1c6c0ad980039252b8c41f208b,seneca,cnn_dm,4
233,c1de892aefd7aa1c6c0ad980039252b8c41f208b,onmt_pg,cnn_dm,0
233,c1de892aefd7aa1c6c0ad980039252b8c41f208b,__REFERENCE__,cnn_dm,2
233,c1de892aefd7aa1c6c0ad980039252b8c41f208b,BART,cnn_dm,1
233,c1de892aefd7aa1c6c0ad980039252b8c41f208b,abssentrw,cnn_dm,3
233,e4e990208d0f9dcd9bdac5e2e6dcf11aac28cb91,abssentrw,cnn_dm,2
233,e4e990208d0f9dcd9bdac5e2e6dcf11aac28cb91,BART,cnn_dm,3
233,e4e990208d0f9dcd9bdac5e2e6dcf11aac28cb91,onmt_pg,cnn_dm,1
233,e4e990208d0f9dcd9bdac5e2e6dcf11aac28cb91,seneca,cnn_dm,4
233,e4e990208d0f9dcd9bdac5e2e6dcf11aac28cb91,__REFERENCE__,cnn_dm,0
233,bff83ed707bc5db55bb29fa942f77711667f1f1a,abssentrw,cnn_dm,4
233,bff83ed707bc5db55bb29fa942f77711667f1f1a,seneca,cnn_dm,0
233,bff83ed707bc5db55bb29fa942f77711667f1f1a,__REFERENCE__,cnn_dm,1
233,bff83ed707bc5db55bb29fa942f77711667f1f1a,onmt_pg,cnn_dm,2
233,bff83ed707bc5db55bb29fa942f77711667f1f1a,BART,cnn_dm,3
234,30dd7f6a55e7f87f256f4000de753341eda066b6,seneca,cnn_dm,2
234,30dd7f6a55e7f87f256f4000de753341eda066b6,onmt_pg,cnn_dm,3
234,30dd7f6a55e7f87f256f4000de753341eda066b6,BART,cnn_dm,0
234,30dd7f6a55e7f87f256f4000de753341eda066b6,__REFERENCE__,cnn_dm,1
234,30dd7f6a55e7f87f256f4000de753341eda066b6,abssentrw,cnn_dm,4
234,fa04945c4c8bb005c0cd023fe45a9675ef39544e,seneca,cnn_dm,2
234,fa04945c4c8bb005c0cd023fe45a9675ef39544e,BART,cnn_dm,1
234,fa04945c4c8bb005c0cd023fe45a9675ef39544e,onmt_pg,cnn_dm,4
234,fa04945c4c8bb005c0cd023fe45a9675ef39544e,__REFERENCE__,cnn_dm,0
234,fa04945c4c8bb005c0cd023fe45a9675ef39544e,abssentrw,cnn_dm,3
234,f2464863b3039eedae709eea2ff8767036840b7e,BART,cnn_dm,0
234,f2464863b3039eedae709eea2ff8767036840b7e,onmt_pg,cnn_dm,1
234,f2464863b3039eedae709eea2ff8767036840b7e,__REFERENCE__,cnn_dm,3
234,f2464863b3039eedae709eea2ff8767036840b7e,seneca,cnn_dm,4
234,f2464863b3039eedae709eea2ff8767036840b7e,abssentrw,cnn_dm,2
234,1b5b437eabd1f04ee32236c589c8de9fb1b5748e,abssentrw,cnn_dm,4
234,1b5b437eabd1f04ee32236c589c8de9fb1b5748e,onmt_pg,cnn_dm,3
234,1b5b437eabd1f04ee32236c589c8de9fb1b5748e,BART,cnn_dm,1
234,1b5b437eabd1f04ee32236c589c8de9fb1b5748e,__REFERENCE__,cnn_dm,0
234,1b5b437eabd1f04ee32236c589c8de9fb1b5748e,seneca,cnn_dm,2
234,7f629db35040e2258f1d55c27ae262d7c80c63c8,onmt_pg,cnn_dm,3
234,7f629db35040e2258f1d55c27ae262d7c80c63c8,abssentrw,cnn_dm,4
234,7f629db35040e2258f1d55c27ae262d7c80c63c8,__REFERENCE__,cnn_dm,2
234,7f629db35040e2258f1d55c27ae262d7c80c63c8,seneca,cnn_dm,1
234,7f629db35040e2258f1d55c27ae262d7c80c63c8,BART,cnn_dm,0
235,b184986948432aec3e837e9f85050359f220fd4b,seneca,cnn_dm,2
235,b184986948432aec3e837e9f85050359f220fd4b,onmt_pg,cnn_dm,4
235,b184986948432aec3e837e9f85050359f220fd4b,BART,cnn_dm,0
235,b184986948432aec3e837e9f85050359f220fd4b,abssentrw,cnn_dm,3
235,b184986948432aec3e837e9f85050359f220fd4b,__REFERENCE__,cnn_dm,1
235,e1d536fce0ebb9bfd3d221e4ecd88c297bc5589b,BART,cnn_dm,1
235,e1d536fce0ebb9bfd3d221e4ecd88c297bc5589b,abssentrw,cnn_dm,4
235,e1d536fce0ebb9bfd3d221e4ecd88c297bc5589b,seneca,cnn_dm,3
235,e1d536fce0ebb9bfd3d221e4ecd88c297bc5589b,__REFERENCE__,cnn_dm,2
235,e1d536fce0ebb9bfd3d221e4ecd88c297bc5589b,onmt_pg,cnn_dm,0
235,32f4b6d152208ddf4c651966931f8bcb7b95f8b5,abssentrw,cnn_dm,0
235,32f4b6d152208ddf4c651966931f8bcb7b95f8b5,BART,cnn_dm,1
235,32f4b6d152208ddf4c651966931f8bcb7b95f8b5,onmt_pg,cnn_dm,4
235,32f4b6d152208ddf4c651966931f8bcb7b95f8b5,seneca,cnn_dm,2
235,32f4b6d152208ddf4c651966931f8bcb7b95f8b5,__REFERENCE__,cnn_dm,3
235,46380367325d6c4b179f17eecea006138d2fa9bd,onmt_pg,cnn_dm,0
235,46380367325d6c4b179f17eecea006138d2fa9bd,abssentrw,cnn_dm,4
235,46380367325d6c4b179f17eecea006138d2fa9bd,seneca,cnn_dm,3
235,46380367325d6c4b179f17eecea006138d2fa9bd,BART,cnn_dm,2
235,46380367325d6c4b179f17eecea006138d2fa9bd,__REFERENCE__,cnn_dm,1
235,e93ba626eef732486b374341bbd56958f4b152c6,__REFERENCE__,cnn_dm,3
235,e93ba626eef732486b374341bbd56958f4b152c6,abssentrw,cnn_dm,4
235,e93ba626eef732486b374341bbd56958f4b152c6,BART,cnn_dm,0
235,e93ba626eef732486b374341bbd56958f4b152c6,onmt_pg,cnn_dm,1
235,e93ba626eef732486b374341bbd56958f4b152c6,seneca,cnn_dm,2
236,650080097eaecf363e78dc74d302379d480ba3e1,BART,cnn_dm,2
236,650080097eaecf363e78dc74d302379d480ba3e1,seneca,cnn_dm,1
236,650080097eaecf363e78dc74d302379d480ba3e1,onmt_pg,cnn_dm,3
236,650080097eaecf363e78dc74d302379d480ba3e1,abssentrw,cnn_dm,4
236,650080097eaecf363e78dc74d302379d480ba3e1,__REFERENCE__,cnn_dm,0
236,87a05def511c10ca18f87fb3ba39db3d6e379295,seneca,cnn_dm,2
236,87a05def511c10ca18f87fb3ba39db3d6e379295,BART,cnn_dm,3
236,87a05def511c10ca18f87fb3ba39db3d6e379295,onmt_pg,cnn_dm,4
236,87a05def511c10ca18f87fb3ba39db3d6e379295,abssentrw,cnn_dm,1
236,87a05def511c10ca18f87fb3ba39db3d6e379295,__REFERENCE__,cnn_dm,0
236,d7566835a137b644059f98354dc0144312be877c,onmt_pg,cnn_dm,3
236,d7566835a137b644059f98354dc0144312be877c,seneca,cnn_dm,2
236,d7566835a137b644059f98354dc0144312be877c,__REFERENCE__,cnn_dm,4
236,d7566835a137b644059f98354dc0144312be877c,abssentrw,cnn_dm,1
236,d7566835a137b644059f98354dc0144312be877c,BART,cnn_dm,0
236,3e08fd7813ddd0c07031b0c323d1a14160af970c,seneca,cnn_dm,4
236,3e08fd7813ddd0c07031b0c323d1a14160af970c,__REFERENCE__,cnn_dm,2
236,3e08fd7813ddd0c07031b0c323d1a14160af970c,abssentrw,cnn_dm,3
236,3e08fd7813ddd0c07031b0c323d1a14160af970c,onmt_pg,cnn_dm,1
236,3e08fd7813ddd0c07031b0c323d1a14160af970c,BART,cnn_dm,0
236,2d8090d6e313140c83b04d80d450866584f725ee,__REFERENCE__,cnn_dm,3
236,2d8090d6e313140c83b04d80d450866584f725ee,abssentrw,cnn_dm,4
236,2d8090d6e313140c83b04d80d450866584f725ee,onmt_pg,cnn_dm,1
236,2d8090d6e313140c83b04d80d450866584f725ee,BART,cnn_dm,0
236,2d8090d6e313140c83b04d80d450866584f725ee,seneca,cnn_dm,2
237,7c50828d1dd5ebf11762df0b77b2414e01f7357c,BART,cnn_dm,4
237,7c50828d1dd5ebf11762df0b77b2414e01f7357c,abssentrw,cnn_dm,2
237,7c50828d1dd5ebf11762df0b77b2414e01f7357c,onmt_pg,cnn_dm,0
237,7c50828d1dd5ebf11762df0b77b2414e01f7357c,__REFERENCE__,cnn_dm,1
237,7c50828d1dd5ebf11762df0b77b2414e01f7357c,seneca,cnn_dm,3
237,225aaa29973d81da6aa481c08fc2355d5a633dd6,abssentrw,cnn_dm,2
237,225aaa29973d81da6aa481c08fc2355d5a633dd6,__REFERENCE__,cnn_dm,0
237,225aaa29973d81da6aa481c08fc2355d5a633dd6,BART,cnn_dm,4
237,225aaa29973d81da6aa481c08fc2355d5a633dd6,seneca,cnn_dm,3
237,225aaa29973d81da6aa481c08fc2355d5a633dd6,onmt_pg,cnn_dm,1
237,61e87705e3ec06e193e91b3fceacb486cae3f79f,seneca,cnn_dm,2
237,61e87705e3ec06e193e91b3fceacb486cae3f79f,abssentrw,cnn_dm,1
237,61e87705e3ec06e193e91b3fceacb486cae3f79f,onmt_pg,cnn_dm,3
237,61e87705e3ec06e193e91b3fceacb486cae3f79f,BART,cnn_dm,4
237,61e87705e3ec06e193e91b3fceacb486cae3f79f,__REFERENCE__,cnn_dm,0
237,c3b8e6b3cd4b1a87a8e4432c5aa3ed13f33d0e35,BART,cnn_dm,4
237,c3b8e6b3cd4b1a87a8e4432c5aa3ed13f33d0e35,__REFERENCE__,cnn_dm,0
237,c3b8e6b3cd4b1a87a8e4432c5aa3ed13f33d0e35,seneca,cnn_dm,3
237,c3b8e6b3cd4b1a87a8e4432c5aa3ed13f33d0e35,onmt_pg,cnn_dm,1
237,c3b8e6b3cd4b1a87a8e4432c5aa3ed13f33d0e35,abssentrw,cnn_dm,2
237,fef1c26ec17c2a32dcdba3c37719a4275b286496,BART,cnn_dm,2
237,fef1c26ec17c2a32dcdba3c37719a4275b286496,abssentrw,cnn_dm,1
237,fef1c26ec17c2a32dcdba3c37719a4275b286496,onmt_pg,cnn_dm,4
237,fef1c26ec17c2a32dcdba3c37719a4275b286496,__REFERENCE__,cnn_dm,0
237,fef1c26ec17c2a32dcdba3c37719a4275b286496,seneca,cnn_dm,3
238,8dcba6ca5858831c4f13f18bfac5f39202242a4d,onmt_pg,cnn_dm,3
238,8dcba6ca5858831c4f13f18bfac5f39202242a4d,BART,cnn_dm,4
238,8dcba6ca5858831c4f13f18bfac5f39202242a4d,__REFERENCE__,cnn_dm,2
238,8dcba6ca5858831c4f13f18bfac5f39202242a4d,seneca,cnn_dm,1
238,8dcba6ca5858831c4f13f18bfac5f39202242a4d,abssentrw,cnn_dm,0
238,7cfe43320c7a5b1be9d920b07682f61eab0f7842,onmt_pg,cnn_dm,0
238,7cfe43320c7a5b1be9d920b07682f61eab0f7842,__REFERENCE__,cnn_dm,1
238,7cfe43320c7a5b1be9d920b07682f61eab0f7842,abssentrw,cnn_dm,4
238,7cfe43320c7a5b1be9d920b07682f61eab0f7842,seneca,cnn_dm,3
238,7cfe43320c7a5b1be9d920b07682f61eab0f7842,BART,cnn_dm,2
238,78a670384c908a15617cab7f575fd50dc5999937,BART,cnn_dm,4
238,78a670384c908a15617cab7f575fd50dc5999937,abssentrw,cnn_dm,3
238,78a670384c908a15617cab7f575fd50dc5999937,onmt_pg,cnn_dm,2
238,78a670384c908a15617cab7f575fd50dc5999937,__REFERENCE__,cnn_dm,0
238,78a670384c908a15617cab7f575fd50dc5999937,seneca,cnn_dm,1
238,3ea99911f16428a13685da2cde9a062515055d74,__REFERENCE__,cnn_dm,2
238,3ea99911f16428a13685da2cde9a062515055d74,onmt_pg,cnn_dm,0
238,3ea99911f16428a13685da2cde9a062515055d74,seneca,cnn_dm,3
238,3ea99911f16428a13685da2cde9a062515055d74,BART,cnn_dm,1
238,3ea99911f16428a13685da2cde9a062515055d74,abssentrw,cnn_dm,4
238,00a51d5454f2ef7dbf4c53471223a27fb9c20681,onmt_pg,cnn_dm,4
238,00a51d5454f2ef7dbf4c53471223a27fb9c20681,abssentrw,cnn_dm,0
238,00a51d5454f2ef7dbf4c53471223a27fb9c20681,__REFERENCE__,cnn_dm,3
238,00a51d5454f2ef7dbf4c53471223a27fb9c20681,seneca,cnn_dm,1
238,00a51d5454f2ef7dbf4c53471223a27fb9c20681,BART,cnn_dm,2
239,50e6a46711b64f333ddd3ce529097fa553c3913c,seneca,cnn_dm,2
239,50e6a46711b64f333ddd3ce529097fa553c3913c,onmt_pg,cnn_dm,1
239,50e6a46711b64f333ddd3ce529097fa553c3913c,BART,cnn_dm,4
239,50e6a46711b64f333ddd3ce529097fa553c3913c,abssentrw,cnn_dm,3
239,50e6a46711b64f333ddd3ce529097fa553c3913c,__REFERENCE__,cnn_dm,0
239,e2706dce6cf26bc61b082438188fdb6e130d9e40,onmt_pg,cnn_dm,2
239,e2706dce6cf26bc61b082438188fdb6e130d9e40,BART,cnn_dm,0
239,e2706dce6cf26bc61b082438188fdb6e130d9e40,abssentrw,cnn_dm,3
239,e2706dce6cf26bc61b082438188fdb6e130d9e40,seneca,cnn_dm,1
239,e2706dce6cf26bc61b082438188fdb6e130d9e40,__REFERENCE__,cnn_dm,4
239,7df3e37c8613fd20fb6791aed1b2b31b4ac7a522,abssentrw,cnn_dm,1
239,7df3e37c8613fd20fb6791aed1b2b31b4ac7a522,onmt_pg,cnn_dm,0
239,7df3e37c8613fd20fb6791aed1b2b31b4ac7a522,__REFERENCE__,cnn_dm,4
239,7df3e37c8613fd20fb6791aed1b2b31b4ac7a522,seneca,cnn_dm,2
239,7df3e37c8613fd20fb6791aed1b2b31b4ac7a522,BART,cnn_dm,3
239,6b3e5879caae91fdca5075479b2aea2259c991c4,abssentrw,cnn_dm,0
239,6b3e5879caae91fdca5075479b2aea2259c991c4,BART,cnn_dm,1
239,6b3e5879caae91fdca5075479b2aea2259c991c4,seneca,cnn_dm,2
239,6b3e5879caae91fdca5075479b2aea2259c991c4,onmt_pg,cnn_dm,4
239,6b3e5879caae91fdca5075479b2aea2259c991c4,__REFERENCE__,cnn_dm,3
239,faf5a752ae42c7e325f93cebef744e02338a9a0c,onmt_pg,cnn_dm,0
239,faf5a752ae42c7e325f93cebef744e02338a9a0c,abssentrw,cnn_dm,3
239,faf5a752ae42c7e325f93cebef744e02338a9a0c,BART,cnn_dm,4
239,faf5a752ae42c7e325f93cebef744e02338a9a0c,seneca,cnn_dm,2
239,faf5a752ae42c7e325f93cebef744e02338a9a0c,__REFERENCE__,cnn_dm,1
